hashed_link,Self_Direction_Thought,Self_Direction_Action,Stimulation,Hedonism,Achievement,Power_Resources,Power_dominance,Face,Security_Personal,Security_Social,Conformity_Rules,Conformity_Interpersonal,Tradition,Humility,Benevolence_Dependability,Benevolence_Care,Universalism_Concern,Universalism_Nature,Universalism_Tolerance
9c2711b16d43d2bc8381a2a57fa279e8bd20e52f855525938bc225afb25737e3,,conflict,,,,,,,,,conflict,,,,present,,,,
31a6d623478f6cc617ce58c90cca5e34cb3d16e7bf84e47eccc14794d65cbc1c,,conflict,,,present,,conflict,present,conflict,,,present,,conflict,,conflict,,,
653d6ba78a1f6fa868fa179a69147319166a3d80d02852d3ac14e3fdc6fab27d,,present,present,,,,dominant,,conflict,,,,,,,present,,,
ece590f8c173becfa7fac22eb5ee213d4f07ab8d25676feb13553a21a48ffe99,,,,,,dominant,,,,,,conflict,present,,,present,,,
515b36cf0f99e69af1bd10dc16621670e21599da0d63db704a8811f8a1098044,,present,,,dominant,present,,,,,,conflict,,,,,,,
b2d8e025612d809c287ba37b4d68f7599f59cba18b9f13ae73b5a2a590a30279,,,,,,present,,,present,,,,,,,present,,,
083e95d58e81b7e4599403ba396bc3d8a27fd0fa32b72e831cd5f6fd12f82241,,,,,,,,,,,,conflict,,,,,,,
3bd0e04bdfcb187ecc702c0edff9214715e2ca38f58a0d98b7a301c867a0585f,,,,,,,,,dominant,,,present,,conflict,,,,,
622d7570903c53f652ffd7e4deecf7c28f4057615dac2e6f76be515cea1011ec,,present,,,,present,,,dominant,,,,,,,,,,
1425d828d577156b45aafbe5cc60f8c49622702dc98255eebf0e3958e2ce4375,,,,,,present,,,,,,conflict,,,,present,,,
c73915c976c673354374840de42dea91c976873ca77d9b39505d73e0ba7e0e4d,dominant,,present,,,,,,,,,,,,,,,,
74bcd551fc9a621f8db71bad75426060e92d0a2961015db510d41f5c00ec6ad4,,,,,present,dominant,,,,,,,,conflict,,,,,
611cb53319f64a8859ec9e3d1b81e7434357729a0547508859c0e6bc47c5f920,,,present,,present,dominant,present,,,,,,,,,,,,
8be2a78708eabb87907136ca926f29035bc808ef77d408cfca22ee0d49450d7e,present,,,,dominant,,present,conflict,,,,,,present,,,,,
f9323c0ad5eeabb9ec2450ef8c8e569f284f7287d064b1ebce102261021eb481,,present,present,,dominant,present,present,conflict,,,,,,conflict,,conflict,,,
a233972cc1da00dd17090e6d6af51e4cab7b5b2a6a70fa3cd3f9bac21492e598,,present,dominant,,dominant,,present,,,,,,,present,,,,,
e409b02f487ea34000bf86578379790532377eeaddfcf88d141bbab23c25fbb9,,,present,,present,dominant,,,,,,,,conflict,,,,,
51d3649c4ec664c8e7eacdeb6666fafdeeb8c573496b770ea28868bf25f7e971,dominant,,present,,,,,,,,,,,,,,,,
cabbe3f7f27e139615711e977a477faefefff003aece0c0c08d33c78fca414c0,dominant,present,present,,present,,,,,,,,,,,,,,
9a663d4934c806276a2153a2a539f82afeffc076f3f9b57eb42f4d878b6a423f,,,present,present,present,present,,,,,,,,,,,,,
de29d6d7bcd7bf1c5bec5f565fd5297a7729b08b4c11f86778e1cee33b5ecc20,present,,,,present,present,,,present,,,,,,present,present,,,
66d5b795b15bd9b5ce5903156600dc834067a9c926500d9dc9d9f9e8d9759e98,dominant,,,,,conflict,,,,,,conflict,,,,present,,,
fcc80daac739ed8cedf768e76d8f700c0d35c84de2bd4ecaf7d34c87779b5d32,,,present,,,present,,,,,,,,present,,dominant,,,
3410f947f0e6a90d35670668b60658924e9b790fd2445107ac1de1438df5d79a,,,,,,,,conflict,conflict,,,conflict,,conflict,,conflict,,,
5be86b248838d29ea2d4967cace49bb140deba28bd20adcc0a50490d41b016c3,,,,present,,dominant,,,,,,,,conflict,,present,,,
4dbd91f7eda553cf14929fcfc280b99642d15dd5e39ba0fe87f4adfdba7f5da5,,dominant,,present,,dominant,conflict,,present,,,,,conflict,present,present,,,
cddcef2b1e2d181a3f398c4a29cd7409fc61b4ae90976e871067642a15503bb6,dominant,,present,,present,,,,,,,,,present,,present,,,present
76c1ad6eeba6e7f65a0850b9f3b7006e8271e0642285db43ed1871db400727b6,dominant,,present,,,,,,,,,,,,,dominant,present,,
cda968db04d871dc68ad5ec988e7375b3bcd2e1ce41b62df1881c9051f4e2e8c,,,,,,,,present,,,,conflict,,conflict,,conflict,,,
6c9dc6da9614ee467ddee28efbb2c6157529a6ddb84bc631ba99926d1159d60f,,,,present,,dominant,,,,,,,,conflict,,,,,
ea657d6b6bf40ee3e04bc95797df8795600a282f19acc2d94ceade27222e0193,,present,present,,dominant,,,,,,,,,conflict,,,,,
f33ca39f14bbe444462d1a32f09f220cf06dcb18f6c63ee05258c04ff3a2dc23,,,,,,,,present,,,,,,conflict,,,,,
cd3892707686f734072596c58c193d5ac4fd3b43bac3b6dbf66f216637952694,,present,,,dominant,,present,,,,,,,,,,,,
32404959a7cced1c40fd307e4903acf19483a70c3c748c78c01d74f979897096,,present,present,,dominant,present,,,,,,,,present,,,,,
2e22d721c9bca4bc6ad702da3fd1059802bd12dccf630b63e9fcf9d780227526,,present,present,,dominant,,,,,,,,,present,,,,,
154c26e0ed8b3df56f5e711a02076dcad48c3732101b7eae5d82fa61e61e16fe,,present,present,,dominant,,,,dominant,,,present,,conflict,present,,,,
9d0ccfc419581ae50b6e1e25b095e41cba26e4da773e67fd5f8daaa50366e42f,,present,present,present,dominant,present,,,,,,,,present,,present,,,
fce8016994498dd35fdeace9bc5454f4f5ee9c76b7979a22c391d8812eb23ce8,,,,,dominant,,,,,,,,,,,,,,
5a0804a3177216405b070726d17d30567397f4510390ab04921d1d44c4a2c926,present,present,present,present,dominant,present,,,,,,,,conflict,,,,,
0f44c62288ae2cd1897f753d2a33bbc532ea151821cb0396de618dab12442187,,,,,dominant,,,,,,,,,conflict,,,,,
ce0bd3b613f895e6b3c9a0166f3c377b52db7ed3c8c3d70bfe3f6ff6a54fde33,present,,,,,,,,,,,,,dominant,,present,,,
048bb415db1b896a8fcf93b7022c453eaac553d2544a7c3c429a3415ead46707,,,present,,,present,present,,,,,,,,,present,,,
6d18c8cb0132cbe4b731f6459be9feaa5bddbfbcf3e29e3d5cd3bfe5f9eed3ed,,,,,present,,,,,,,,,conflict,,present,,,
71f6428906f21d52c97c476b093b370884396615229ab660e933866e30f96ba5,present,present,,,,present,,,,,,,,,,present,,,
637863b11e6f59f957d02c2e6a97cee0841d404c469db7918b6fc73b30658630,,,,present,,present,,,,,,,,,,conflict,,,
246149afc5534b53242de5d385797b9d1bc83c96bb730c18df0f432fcdc61d07,present,,,,,,,,,,,,,,,present,,,
6130985a52f2370c92893a68d4eaf4724a61eb4100677df2d0b29f9c812affc4,,,,present,,,present,,,,,,,,,present,,,
1f377b944a3d30535ecb8d2f2799229f6e68a1fb1963c282043ea06a08163737,,,,present,,present,,,,,,,,conflict,present,,,,
c51e07d2527f9eb2c0e7704a8337677ec940686854eac7dfb09503f702e7d24a,present,dominant,,present,,,,,present,,present,,,,,present,,,
493931c424d2dfd2b9bf2829f71a4f8eaa8e160657e70b9147febb16bb543904,,,,present,,,,,,,,,,conflict,,,,,
a9bc83f42372ae0daa82b1e35ed46e33a3172cdc6d73ea47582d9d1e3831a6ea,,,,,,,,,present,,,,,conflict,,,,,
06abf54a23138195da06db7394ca583aba84ad567f21ff466d9d1256a941c307,,,,,,,,,,,,,,conflict,,present,,,
bea446864e2da65aa9b6532ebb5e21cbe628b113e58bd231b8dc1f894cccdf44,,present,,,,,,,conflict,,,,,,,present,,,
c1d099ec2220f48de601cdf3bcc4686cf58de25d4b1da624c044cc7ba8f484f7,present,,,,present,present,,,,,,,,conflict,,,,,
90a9a08927b91d8788709f312e598403bf0dad4faa498b3a4df82181ad8d7cf9,,,,,,,present,,,,,,,conflict,,,,,
5743ac3680141af76ad5937c18ed5dc17a3e727876e6f65654aaee50b5ba1c89,,,,,,,,conflict,,,,conflict,,conflict,,conflict,,,
3b581ad326bf7c60a9faaef71507e2e20cd4e4d2cca94964afe6e677f955ef41,,,,,,,present,,,,,,,conflict,,,,,
01b087c2848433440f4dd874f54265f1e981e6872f5cf291e00694f79ceeeceb,,,,,present,present,,,,,,,,,,conflict,,,
c176f6694aa56e9896824c089a6dfeca439d283ca4596b5e5f62f066787d66f2,,,,,,,,,,,,,,conflict,,present,,,
46accd0d64584ac6b0cbe3d601fbec952c9257e502a2ef4cfd7ad15f862b3ff6,present,dominant,,present,present,,,,,,,conflict,,conflict,,,,,
5e757d81c9722a4f75fc6dcd7831e243b335730d39ec4c1270e35498c76352a9,,present,present,dominant,,present,,,conflict,,,conflict,,,,,,,
bc30bb79596af2dd8c2707edde629da3288f2945ca8c153977f7f3744dd3d772,,,present,dominant,,,,,,,,,,conflict,,,,,
e09c65995a7b669af61c1c62a0005e2706140ede3d44695f3a86c63d5b5c2031,,,present,,,present,,,,,,present,,present,,present,,,
4b04bfc8e1e1565ffbad62045c4cd422d2b816c0d13a9a290186c7da285c7cc7,present,,,,present,,,present,,,,dominant,,,,,,,
c0e2a1d8c900c955bc3ddca178f18239549afb7b74ebb4b42c3b5997d0c609b5,present,,,,present,,,,,,,present,,present,,,,,
b4d2ca373d10f46d31f7d5ae62f744b73beddefe37dcf6905ce430c34ac8fbd4,,,present,,,,,,,,,,,,,,,,
4b673e85ceb92926b9e577066622c2b58e4609ead2efe6db34aa5ca1dc9bc22c,dominant,,,,present,,,,conflict,,,dominant,present,present,present,present,,,
bf9c18c82fd3b076f4c12997b496c97a5c9ab722a31bbf513a5a3f0fd4ec1c42,,present,,,,,,,,,,,,,present,,,,
678a50add6096202af7ec36375b3b2f19b8dbd03e65261e1bbbf34070f5a249c,dominant,dominant,present,,present,,conflict,,,,,conflict,present,conflict,,,,,
8b98cf0d2dead605d580d4a86bbcf1fe234e42e0593af85c083cdcaf179947bb,present,,,,,,,,,,,,,,,,,,
64e08496bd82ddd280b7072ad3450ac129dea2466470f761b1449620ddba9c9b,,present,,,present,,present,,,,,,,,,,,,
b099768b3479ac841d259e6dbdb7bea263bd8b95109513ea211ef083814c461a,dominant,,present,,present,,,,,,,,,,,,,,
64109507bf9d00efe06d8deb35002a67775c47f84ec7b09746e6ef716953d12a,present,present,,,present,,present,,,,,,,conflict,,,,,
333d22f90357f4022f4fec7fa9251750792a21cfd89389b4ea599cf83730d9bf,present,,present,,present,present,,,,,,,,,,,,,
dbab801bbf991e451d8248bdb18ff5091021997dacd5e1b43e2a116a74ea7abc,present,present,present,,,present,,,,,,,,,,,,,
3a3bbbe3a2b465d8da769c151118567f57c19dd5f421d342c79ad710493f2aff,,,present,,,dominant,conflict,,,,,,,,present,,,,
6f068dec30bad228b6694f157df88af7e014d13c757a5331b5d1b1e45c2851a7,present,present,,,present,,,,,,,,,,present,,,,
81f548424c249a3afcdb08af2b8730dedc2bda556fc920e47e34dbae92c36604,present,present,present,,,,,,,,,,,,,,,,
23ded95576ab21be9ad2128dbc532582e4d76e3f3803557a0f307266e1bc6630,present,present,present,,,present,,,,,,,,,,,,,
aae582666e7f8d7f542bf80600059e5effcdc4961fbb2d45a2f46078752c27e8,,,,,,conflict,,present,,,,,,present,,,,,
39eb3ac694053ac33525b8ff78399ac6bcc39f6f1019cb85d15aad25a84c4a46,dominant,,,,,,,present,,,,,,conflict,,,,,
945f399a5a826ca010b45e913b15820ce9309d3063349f6018610ffc72b5ace5,,,,,,present,,,,,,conflict,,,,present,,,
3dd5f474a898dfe14e434c6334dbd5dcca572a0a8475cbf77bc4e8a99a4f1613,,dominant,,,,present,present,,,,,conflict,,,,conflict,,,
92a9a3da2fd518307abcef1f72e8dac5abb63ac7d758203a3e79c0496a2184f9,,,present,present,,present,,,,,,,,conflict,,,,,
7df2a9a5bd829abd1d3311a3087de6f949e28a9654789c96f9395925a282b635,present,present,,,,,present,,,,,present,,,,present,,,present
56771af857d57cbdb7384e3289e647e9d641e694cad33b3925bfd743d447ddae,,,,,,dominant,dominant,,,,,,,conflict,,,,,
97afe429efe147485fb75d04a434aea8322201bffd28f601257183f6a88696f0,,,present,,,present,,,,,,,,conflict,,,,,
0335759fef31cd5d974e276c6c12643e04b5a9d4749bb38f90cb4ded33a7d409,present,,,,,,,,,,,,,,,,,,
fc250652bd71b65560290994368b984a368c89e117ffcc8ffe36fd3a16ecfdf0,,,present,,,present,,,,,,present,,,,,,,
3b91e3d04eaabc40b4e02620eddcf2d76f578e9a748bdd47a5c9094e48c88f87,,,,,present,,present,dominant,,,,,,conflict,,conflict,,,
2f503ee21e811c9c3f8100e5c9d38ba0c726231fca232bad148ad62ad2229d93,present,,present,,,,,conflict,,,,,,,present,,,,
fc6325f19e0bb59c1ebdfe8c12ea251f606ae13a857ed047865191dacd182ae8,,,,,,,,,,,,,,conflict,,,,,
2175ccc4c59987712f92340fbc605d6030e1652e14c7bae859b3ed53f3f219de,,,,,present,,,present,dominant,,,,,,present,,,,
f9100e4673ea137156d0ee1870928e30771d04ff9ced0076f3945df7df7846b2,present,,,present,,,,,conflict,,,,,,,,,,
f71a2c963c1bea73d7a80ab0a687c8587375019ddfe2100a4206f6f1b74ac467,,,,,,,,conflict,,,,,,,,present,,,
5b9db1c15f9ac4622f3d4c00949e8ce3d249d90fa61abf290524074b0ef555bb,present,dominant,present,present,,,,conflict,,,,,,,,conflict,,,
d9ee36cc35c8a9c5737a08f44918abc99a54a28397cf17b67867c09a35bd10eb,present,,dominant,,,dominant,,,,,,,,conflict,present,,,,
7365a5e18c1edd25c148bae357f853afed48dba9dd9fb5beed2168a5ebc2dabb,,,dominant,dominant,,,,,,,,,,conflict,,,,,
805abfc15f20e55313f7597c77dbf729f196594c42647b41b8d017c98424a048,present,,,,,,,present,,,,,,present,present,,,,
f6196e91241c6c20ba3e0df6bae6c90fa2cdde015f55fc2af3d783412f199e81,,present,present,,,dominant,present,conflict,,,,conflict,,,,present,,,
2ee8d1445059628d3125514b49c03dee0b9772ced520dff9a5067b19e0be8824,present,,,,present,,present,conflict,,,,,,,,,,,
c2ce0aa67928094e85c0cf7e028370ab5015112d50f5f6461be385c97c0ae536,,,present,,dominant,,,,,,,,,,,,,,
11135aa901c2aaf138bd41e634c65918c357d3b4289ca445d048734710c5d4e4,,present,present,,dominant,,,,conflict,,,,,,,,,,
5ddcec3feb2e48cf882ba16ce1090eabff0d1199d788f23f76153f878a31da51,,present,present,,dominant,,,,conflict,,,,,,,,,,
eba5b6f04a000bfc573087dc5f5d8c3f655d1129bb476e4adb9baf57000959fb,,,present,,,present,present,,,,,conflict,,,conflict,conflict,,,
d46bfd5f769cdb920abaeeb44a272eb2a77517bb503d17a421c6f838f135fad4,,,present,,,present,,,,,,,present,,,present,,,
ba6d10164c61cbae5d3885fd8ee3a06707725712fd988e0db5655b32012c87c3,,,present,,dominant,,,,,,,,,,,,,,
dae6f10c459b1a060fc90f0d7210d70024045897502026d8c53ec431016f0e8c,,,present,,,present,,,,,,,,,,,,,
ad7a3f5c179551608bfd06af048eda7d450982d4b43742de5e5f1da9eecbd585,,,present,,,dominant,,,,,,,,,,,,,
2cb29faa9ede75d55fc2c61c681ffb92eab494ec393cd74fa722d5366e530b71,,,,,present,,present,,,,,,,conflict,,,,,
58a04a66c2fbeb9214be1c5be598a2c7bf861d5e83046a5fd151f5cfa83a7864,,,,,present,,dominant,present,,,,,present,conflict,,conflict,,,
9961081b1fbbeb70057bb228af662e9179f6bd51fc36f0f7dd9abf84b18ed556,,,,,present,,present,,,,,,,conflict,,conflict,,,
ef47f26e7b6832e2fbffa32ebdc6978efe3238b7826ce72f083ab2da28dbb0b4,,present,,,,,present,,,,,conflict,,,,conflict,,,
f0d68a0bdbfd9b33a9c544daf7a3c21a4d9a4bb2b48f2793e95cb402535f6eec,,,,,,,conflict,,,,,conflict,,,,conflict,,,
82a789d0a10b071afc61636096c6f683e54de229a6be046fdc6af8470090e473,,,,,,,dominant,,,,,conflict,,conflict,conflict,conflict,,,
bb9f721229f811760af820aaddff7bedc7ec6ba60fe0de431ee2ade4f36bd124,,,,,,,dominant,,,,,conflict,,conflict,,conflict,,,
0f4d2346f2c3e113e6e8f3bd00b3716499e6433485b018f890657222556992c8,,present,,present,present,,dominant,,,,,conflict,,conflict,,conflict,,,
e2e1f4720db845d7b53bfee7e1438246b7edea15dd9ac5d4a89500da3d131738,,,,,,,dominant,present,,,,conflict,,,,conflict,,,
a76422ff2e0fcf47d90b6fb0a953902485648699898a2f78504e6ae1a71e1e27,,,,,present,,dominant,,,,,,,conflict,,,,,
c5d7861dfee43d6742c7c844effa0e65472e239708803175a30950fbc24e5ece,,,,,,,,present,,,,present,present,,present,,,,
edec13676c0787260ebc585e6ad7577e869f700acbd9aa692c26c82590fbb83a,,,present,,,,present,,,,,,,,present,,,,
b6b458db74c3193209ec8dc1543f420d84ebf4db4d110007120f7be169939740,,,,,present,,,conflict,,,,,,,,present,,,
c61ec2511bb7e55e221fc0f4718c021e8bbbfcc8648d907e44cabd8d07dfe250,present,,present,,,,,,,,,conflict,,,,,,,
70ee73f336a25a63e8900b8376d774583af4a9c0a0d9e1b0492b89fdc936d945,,,,,,,,conflict,,,,,,,,present,,,
ce1f6dc07d3533c147ef9ed6c12364b5ffdc8509330d2d41eac4fa66b0e4efa5,,,present,,,present,present,,,,,,,,present,,,,
681d12091b0929b479c052f0497a2cbb96c07b29302d9fb45e05821b91e8cb04,,,present,,,,,,,,,,,,,present,,,
97d59cf569e4468fd00babe50227350e50059bc76b2083ad778a12469e73d520,dominant,,,,,,,,,,,,,,,,,,
8c23de45539f352f10792956cf6acab327dca361e07f56dd867a4bd632810414,,,present,,,,,,,,,,,,present,,,,
21c1dcc87b3def0a70f2ebad82f50fb59b45a3490b2b639f37239a3db7106b53,,,,,,,conflict,dominant,,,,,,present,,present,,,
2d57cebe59afa9617b8e028b2440f39717a0576fa485e3b6ee5e8395db962543,,,,,,,,,,,,present,present,present,,dominant,,,
a3113aa69719ad03e72910380d1c5e660bb5f173ca4e12e133061cf244496c35,,,,,,,,,,,,conflict,present,,conflict,conflict,,,
182cb27d01bd0a89ecaa3dab41cf7178ab9f39be3f766901d5a5e3c1b48489e2,,,,dominant,,,,,,,,present,present,,,,,,
4fd0ce64a2da881191bb2f12fc7c0cfc1313fee4fc9810036286c3d2ee057f4a,,,,,,,present,,,,,present,present,,conflict,present,,,
bc06bcca2b3f3886d32a5cab4bc0651205ed65e1e720c51b37b96c850ba79762,,present,present,,present,,dominant,present,conflict,,,conflict,,,,,,,
53c9864b4fd413c421c322e0556059a375b4fce0f22ad702de8c6b12fc1194d7,,,,,,,conflict,present,present,,,dominant,,conflict,,,,,
ee3bf1151230ac6e1e628706dc0a3029bd2695cafd92fa5873804afaa22c503c,,,,,,,,,,,,conflict,,,,conflict,,,
26a7c9498a27f0a752cef3297f12cea3ab68c91b30dd200fd018972da15cb8de,,,,,,,,,,,,present,,,,conflict,,,
232e93bf588f06bcda5fd32c8ea580246cc20c4633f6c90674d243671654a852,,,,,,,conflict,,,,,,,conflict,,,,,
96762133a1560ddc758ae56e0ea30c66e5cf3c6c20294ee994e8c7742a57ed19,present,present,,,,,,,,,,,,,,present,,present,
bde40ca9ea99c421115a50e8422faa88d9a78007d625332da40ca785a0bab5ce,conflict,conflict,,,,present,conflict,,,,present,conflict,present,,,present,,,
a79518c53a6f292647687e2c2d83b476dd7b6a5681bc6e16c997653b23b413fd,,present,,,present,,,,,,,,,present,,present,,,
bb635b59a46441987a94a4a1fc12ef3905d6152662c3bab3406ac899a9bacc50,conflict,conflict,,,,,conflict,,conflict,,dominant,,present,,,present,,,
0986e2b34270b5cafcf6152f3d977188640b94a42e86d7709de4a90cbce36fe5,,,,,,,dominant,,conflict,,dominant,,,,,present,,,
2ea7850ab1b24c4799d92ccc2d6da484a5bc74d166390ec0cff7f7a5b8884187,,,,,dominant,conflict,,,,,,,,,,conflict,,,
7ea9a185a51f76fb344941ce4e0ce948be040939ba42d3ae38061853022dede9,present,,present,dominant,,,,,,,,present,,conflict,,,,,
797292f8a21ece188800d0625a0f48fde7b9731c1b867d81826a72142b3c10a0,,,,,,,dominant,,,,,present,,,,conflict,,,
7e9e5d8f2ebe96d5e4655171c002dd00e72ccca56c663f8bb2d7d96fe8897481,,,,,dominant,,present,,present,,,,,present,present,present,,,
1d9d84f51d91c6e6421b7f225f9427377e85b9fdac2bc027faf3df2a4603feca,,present,,,dominant,,,,,,present,,,,,present,,,
217952298988d0b3a186df19d50d8ca060007d8ebfcd388935320c76e27d7d17,present,,,,,,,,present,,,present,,,,,,,
51c8b949623307ce7dfc616e645e6ec6ec950e372e2f781513dc997dbb41f7ea,,,,,,,,,,,,,,,,dominant,,,
f757b79a7b6b9298ed474e83ae83928cc2957364fbf555820e5e0e641e5e9c72,,,,,,,,,,,,,,,,present,,,
a76245ffb664eb924d827c479e491f204b71ac42a3247d17796a63e6a9f9b415,dominant,present,,,,,,present,,,,conflict,,conflict,conflict,,,,present
d2f4fc629782c6b8b6c2090478a6b94687430219e2b4ee46ba4906ad30d55e8b,present,,present,,,,,,,,,,,,,,,,
dfa89a1ce65ed15afe8cbd485a7354b9d5ce5f690937134daa230330d1e0aa8f,,present,,,,,,,,,,,,,,,,,
af0bbab33acbde515dbde4e1cfa21c667f5bd9eb2aba499a66a3cdb82a66022a,,,,,,,,,,,,conflict,,,,,,,
9bab98d82bb7ef6a9b9ffc6c014f56d67b557a69da91408308da09d335c2d935,,,,,present,,,,,,,conflict,,,,conflict,,,
e98301592089a1f2f2ba2992db857f39486dd30d32b68cd12e2d0bc322370655,,present,,,present,,,,,,,,,,,dominant,,,
473118ea8b974d496e4fefaccd2e7cd2e2a9a8cb23d2ac37b3772c813e14d859,present,,,,,,,conflict,,,,present,,,,,,,
19c0bea2f13ad2f0b8c9369b7a5cdd4b969c90739795c6e13dfac3953063639e,conflict,,,,,,,,,,,present,,,,,,,
1eb84dceb1c8bd984a9d9ce4b60b41f13d1a73a117b493b18a9db67333c9b259,,,,,present,,dominant,present,,,,,,conflict,,,,,
fdbecc3df09df6f8c6b0f3e82fd36628008c4f86f512f7c9dbd6e7d2cdf53756,present,,,,present,,present,,,,,conflict,,conflict,,,,,
3f8a582688736d25d45d5e12ef6cc485d7f8814ed27fc630b69ffac3514db839,,,,,,,,,,,,,,,,conflict,,,
8eb7b3738f3c3763556132aabf189949fbcb2ef963b4f39ddf825b868e683c0e,,,,,,,,conflict,,,,,,,,conflict,,,
ec7245a7d49289dd784ec7cf92f7c5361dd9c4fe8b4b6c52e46aabda9977f985,,,,,conflict,,conflict,conflict,conflict,,,,,,,,,,
cc251028ab84a2c3ba9e18f31ac581df6e1cc878cdb27a0d489d3110291361d4,,,,,,,present,,,,,,,conflict,,,,,
a8e774fb77631f696ed133af4276bf1e2bcab7b7d17c1eb50e02218af07aa0de,present,present,,,conflict,conflict,present,conflict,,,,,,conflict,,,,,
b5adbbfcd452b139c22f7153173c269c3f5f76102a9a5f21469ba4227721f7d9,,,,present,present,,conflict,conflict,,,,,,present,,,,,
6950e861746d013aa045c4c73709eceb966edd70d0ca326e328c97a17ae7dd9b,,,,,present,,,present,,,,,,conflict,,present,,,
fc98a2374fd2ffab403d5ff7eb2b3f7461decf1d6b4a5a601c20875af6d1428f,present,,,,present,,present,present,,,,,,conflict,,,,,
4f9189d83426b9f45a3adc9ae8d475c3dcfe2f95704645af32fdd44c9c0c1232,,,,,,,present,,,,,,,conflict,,conflict,,,
cb16870f777ba46d5fd5a24d70c0d9d9a56b0487c88bb8f2b2c2f453f29282eb,present,,,,,,,present,,,,present,,,,conflict,,,
cfe39dc8de8dd3550ba4e991d5a8e1b8fefed2a41e0511a1fd7f7071f6fc0838,,present,,,,present,,,,,,,,,,,,,
a5f68f694c0a466300ab9439b73051734392e25882b9523328b88e47e3b198a4,,,,,,dominant,,,,,,,,conflict,,,,,
4dd2fc59be40c10b76691004c12492b8b5e3a510bff55f27b215f541ae6aff6b,,present,,,present,present,,,,,,,,conflict,,,,,
55baf6e340189fc3e08fefcf358c6abf965ba9de2886866f01b4ec6a3003431d,,,present,,dominant,present,,,,,,,,conflict,present,present,,,
83b48548294ec2a81bd34b1987450e9bf0424f43d002945b165be39f5af10e19,,present,,,,,present,,,,,conflict,,conflict,,,,,
add4391d1574c54baa570622682c368c7268e5318eb51a88121e91ed112ced12,,,,,,,,,,,,,,conflict,present,,,,
1710190eab44f32633ee05f73a9ae832e10d92490d4a373fdd6dc17f907c6220,present,,dominant,,,,,,,,,,,,,,,,
39e862a00b270cb07e1a7b5b5e67c37996cc48507c0311e4c0ba35195c5ad51b,,,present,,,,,,,,,,,,present,,,,
bc31c8da7bdb477a7eb0d0fb5cd25ec0cfad3302e9dde14b1b7e6d9e22000072,present,,dominant,,present,,,,,,,,,,,,,,
1fcc14593fcf5ef0f1428a6177f4dd7d701fc2ee0a945da7839b27edde44ca70,,,dominant,,,,,,,,,,,,,,,,
dd1af9f27d049bbdce2e7edbe3157123e9be36bd50ed6d818665f712e70f2582,,,dominant,,,,,,,,,,,,,,,,
9cbc5a073fc9bca3b495ffff281fa29929831f5d9d077ec1c24a5783e0430a56,,,dominant,present,,present,,,,,,,,,,,,,
9dc93e9819c993f55cf93989aaa773493a70232cd09cb896e04248f2de469bbc,,,,,,,,,,,,conflict,,,,present,,,
7cc0b5b4f1886af77a0a6a90784768a7240c278e698504031f283e53c1991d86,,,dominant,,dominant,,present,,,,,,,,,,,,
48e609941cf3eedb1c2a18bfbd7249f609ec50ceb74fbd73c96cb5db47ab5e21,,,dominant,,,present,,,,,,,,conflict,present,,,,
6c91e2b89042e4c43365a7c0c4b21091d855315834dd48fa88a6ec51b2747de5,,,dominant,,present,,,,,,,,,,,,,,
4c0936f043a08e6ad7ad513e6ebafa3ed7cc1903309ca9e4608d5ee7b543ea60,present,dominant,,,present,,,,,,,,,,,,,,
53ce89bcff5a2ad8cbc91f5c697db3751ff2baedf1d1fba59f8cb3334def476d,present,present,,,present,,,,,,,,,,,,,,
8f8dd48613c30ea13089a814e83325765cebdde61c7bd69f289a94de454f869b,dominant,present,,,present,,,,,,,,,,,present,,,
a65631003c3f2b84aa168147a83def5cc18cf1756aec91fc50fd2c6f5f8cc9a2,present,dominant,,,,present,,,,,,,,,,,,,
8013442eba801bb7278ef37221be6a30c2c341294a5cca8156ba1474e57e93ab,present,dominant,,,present,,,,,,,,,,,,,,
1783953d56d7fb5a42b877f8e92109e47673252f658fd39c49f0bf50d0ff9402,present,,,,present,,,,,,,,,conflict,,,,,
3d39b4a0f15737b2e2936264cf381eb2076aeac063a9a878582b0aad90f5c052,dominant,present,,,present,,,,,,,,,,,,,,
845b7e8084106b831ae801eaf7c5dea2b1a7d190d3808eaa62df5d1e30b86aed,present,,,,present,,,,,,,,present,,,,,,
12131b6e264d0486b85d7e6dd10596e3bb13fcfd553776170bed4c5664ac2510,present,present,,,present,,,,,,,,present,,,,,,
2a971d58a92f3db91e590cd5cad8dfd3fff72c91e318250f1288335e3148510b,present,present,,,present,,,,,,,,present,,,,,,
f141542c58a2320d4de6dab5e57b655c119d13a4a5506a60e8420cef1e1e02df,present,,,,dominant,,,,,,,,,present,,,,,
d3979071e8c02cd6f853db506db81cc202b5e2e0071a8b4dc1a5315271731014,,present,,,present,,,,,,,,,present,,dominant,,,
8b98ddd2f71128b51553b014e2e2346e3ba60e9c142fb3ee515c12fd1fa5a7d9,,,,,,,,,,,,,,,present,,,,
bda1e948ddfaa53d71b00f22ce4935c00b6f8c6f769b9784f6e4fb3ed1ae4342,dominant,present,,,,,,,present,,,,,present,,dominant,,,
147947b5ef4e5a3e51b7fac5a6247f1668261c918640ac6b3af5e01a7db83bc6,present,dominant,present,,present,,,,,,,,,,,,,,
34caa4045367304214dddf31cd1883647d4787f17fec2f191aa515277b7a5fe8,,,present,,dominant,present,,,,,,,,present,,present,,,
870a0c502573e7594dcf582526869e2d0960b52a858a4d5c0f01ec9d9d663b3d,,dominant,,,present,present,,,present,,,,,,,present,,,
f7cd70df804f96cf6b5d054f86b021d7ffca519b01a4be6f077482a7ac118ed6,,,,,present,present,,,,,,,,present,,,,,
0d74aaf667d555ea53fb460aa70c24d56ef06537f063936d978c9c4e7f340667,dominant,present,,,,,,,,,,,,,,,,,
f0491408cf93454cd4ea53f70f0b000bc3df1028fac681e26510a28d0824baa2,,,,,present,,,,,,,,,,present,present,,,
2fd16b87c311fa180e333d33a78016e763c89465cdaea79b29188a55c6ec9cb2,,present,,,present,,,present,,,,present,,conflict,,,,,
bc4cc19141d71660c9ca82b9bb1a4d78f459a472e3d7c92ad8bf44232d73143c,,,,,present,,present,,,,,,,conflict,,,,,
f1ae65eb8697882c38e892811c386e9aaf435f92668713e59e4a04e915902b4b,present,,,,,,,,,,,,,present,,dominant,,dominant,
fe486b22d8927d2d8fe63cd572a1090a1b5f9f644a280d801127796cf83a839a,,,present,present,,present,,,,,,,,,,present,,,
9cabc42a6ae7f747251adefe8c1f7b435cdc722be384e64359ddf9afd67262da,present,,,,,present,,,,,,,,,,,,,
f52a1b5a53cb6f5e89b566d2dd5ded9f4e9b8c0bde1b113053f17b7ec6302f6e,present,,,,,,,,dominant,,,,,,,,,,
95152112983ac01896e4d16ccc458cb3efa1f7ff8babfd3c1b97933733260013,,present,,,,present,,,present,,,,present,,,,,present,
3e7d2d629c203f68660af260cc6a951c55c18e0bcf78a1025639f5d207b666c3,,present,,,,,,,present,,,,,present,,present,,present,
1f6874185939a3b0ad570eb47fbd5b1eafa21e40eb1192f35eedbb3263a92f65,,,,,,dominant,,,present,,,,,conflict,,present,,,
5a450127d8efd54a34da026519e7d98694028eefbf871c167c9ada784a91301d,,,,,,present,,,present,,,,,,dominant,,,,
f398b05338a0601b35994365450e0e6e91a27dd20ac2daaff5774cb6e1b4bfe7,,present,,,present,,,,,,,,,,,,,,
57319cfcceae115724f8c54a7ff9af4d0bf57c2d17f8bf1bc045f1d8ffb8d37e,,conflict,,,,conflict,,,,,,,,,,,,,
0f07626e9e969ec32183431c57399dbab3fde2a198b4e3dc5a0e2b5bde920727,,,,,,,,,,,,,,,,,,,
75a22b57f207ceb2f153bacad95ea31e46c2ef7100ac49daddeb0071fd6dc3aa,present,present,dominant,,present,,,,,,,,,,present,,,,
7c676340195565cdaa6bb487d5eee39a71368d23248108bb7d29caf66fc68ebb,,,,present,conflict,,conflict,conflict,conflict,,conflict,conflict,,,,,,,
402c3627ce1e3f6ff2b3a3e8367c6321b1bea05a0d66a4718d1f84cc25eefa4b,,,,,,,,,conflict,,,,,,,,,,
d9d5ab34937e656482b4ce01941eec8527fb78db33119a0e25e910477d23ac35,,,,,,present,present,,present,,present,,,,,conflict,,,
f4fa9752b4c64835399daa0282fdcd90087ce4477182091273476f82fa264662,,,,,,,present,dominant,conflict,,,present,,,,conflict,,,
db6045c4b070892eb6b2a62b595fdbd8858fbe216b43a2d41013f0061bd51209,,,,,,,,,conflict,,,conflict,present,,,,,,
d2e48cf015a12c532b1486f449459724ef4258243cc0a2bb9516e999b1337a9f,,,,,present,,present,dominant,,,,,,conflict,,conflict,,,
5d502514e47ec3d7d9153fbb7ea1a1b76a91b4a521853c1de32b7c98e0f0e521,,,present,present,present,present,present,,conflict,,conflict,,,conflict,,conflict,,,
3e6ac7a35efd7a0a125bd811f4580bf1733a1290e86ce0bf46e930767b3bc52a,,,,,,,present,conflict,,,conflict,conflict,,,,,,conflict,
6237ae2a72fbd6eca5bb254ca8474edbea8ccd9c9b148ddc9a57c5271708bb76,,conflict,,,,,conflict,,,,conflict,,,,,,,,
9926a729498d85783430ff306c047ba262ec50a227751fda1b919a519c229d82,,,,,,,,,,,,,,,,present,,,conflict
73377128891e2b8742d19d406aed2596f681957683e1319c3be062f6975b6081,,,,,,,,,,,,,,,,present,,,
0feb2111688cb7f61eb7ce6ce6c35374bcd73ff1fef689edf0f52a774cbc16f1,present,,,,,,,,,,,conflict,,,,,,,
558e19f8c6a1266d3b345fe48d90179f09d9564f098a0041edda07c6ca3d1341,,,,,,,,present,,,present,,,,,present,,,
65cfd01e2a65fe1dae36187360322e3cb7a29c1b2638091aa84270e907f54d03,,,,,,,,,,,,present,,,,present,,,
0e8aa1473e324e91af7f890ea43f7d561de6763ca428ba1362e22efa22faca56,,,present,,present,dominant,present,,,,,,,conflict,,,,,
91c35c9432775b48e0a54b7fb8ebdd6decd2493ee056438a36fb3565638bc9f6,,,,,,,conflict,conflict,,,,conflict,,,,,,,
01412128060e6ded6e3b93fde11797f4cad09312395cca0dbc688b4d4f2b4153,,present,,,present,,,,present,,,,,,present,,,,
4759b74e9efe2e96f7278f7d98e393de5a87fe68e2284ef70fc25f3f84617f8a,present,,present,,,,,,present,,,,,,,,,,
0ee6b2187d23a30fc6b4b676bc84aec127d409ef8677c6f917f2114b25c94b48,,,present,,,,,,dominant,,,,,,present,,,,
405ff94c9bcc3b94f9cc96987792c619b04d2556b927437ba6f3f9763bcd2b5f,,,present,,present,,,,,,,,,,present,,,,
4f169459b825f9950b2f94ab058d3de7c99a4b095920197dd52c837fe088ad30,,,present,,,present,,,dominant,,,,,,,,,,
981e14b4f3c04a997aacfa84d50522ef3e30f26145013d46cf5ebef73a6c0dfc,,present,,present,,,,,conflict,,,,,,,,,,
efa95aabedafe3ced6ddf2f891c3b61cf0883027550717a7ce8bf7b305be5d2d,,present,,,present,,,,present,,,,,,present,,,,
ceebaaf983a9501f55027b8744f9f558b78284b6da64d921c5966677cdf48ab6,,present,,,present,,,,present,,,,,,,,,,
f9e3f23c99e8bdc064a24ec57f6392f0bf2ba82a6662fc9c8472ed3dd2bf36df,present,,present,,present,,present,,present,,,,,,present,,,,
f9aaa448fc08fd016c415717c7da317dfe717e5fa319dffed8335550af436aa0,,present,present,,,,,,present,,,,,,present,,,,
39e546fe4d932fb03e51a485cf170f61cef1cc81f7c6cf01c2be65c10f47e1c1,present,,,,,,,,present,,,,,,,present,,,
1f9e377f147c6914ea0e92cb0cdc2e68b42822c9a7ce604d573f5808603a8e4e,,,,,,,,,present,,,,,,present,,,,
1bb8c2e3714b7272cc99c46a78543bb3d7130369c64246ee625ecab996217713,,,,,,,,,dominant,,,,,,present,,,,
3da7693e6c8ca7da956e7be7a9d15d977ea0e325d3d881547b89d101667e32a1,,,,,,present,,,present,,,,,,present,present,,,
a44a05004a8f87c5bd768d341068dcf23c873706abc6d83a97fecc60de3ba5c6,present,,,,,,,,present,,,,,,dominant,present,,,
5b77ad215623c9b38de76aad4abc135e861264e4054bf45ec3cadedd137def54,,,,,,,,,present,,,,,,present,,,,
27afe3814cd69556424fe7c22b44782225b4fbe1ced981c4615356bae9b88501,,,,,present,,,,dominant,,,,,,dominant,,,,
fa9cdf4988fd099a4d1f6c0362e0873cc7276fe488238c4ea982bc62a6cb47fa,,,,,,,,,present,,,,,,dominant,present,,,
702dd742e23af03ae7cd69dafae8b69125b234d08c3b16e6c12e5fb66674f285,,present,,,,,,conflict,dominant,,,,,,present,present,,,
dbbee41bbf3db38e6b451e2ea57809ef6e0d65cd38f7914de8a63fa4f82821e4,present,present,,,,dominant,,,,,,,,,present,,,,
43cba96b5d240981fd64a7e84a86ca474776e784f3892022a725434b8b985c4d,,,,,dominant,,,,conflict,,,,,conflict,present,,,,
270d1737f30f44e3ceac03c183e872cf15f1437a1d8965791d59335614170429,,,present,,,,,,,,,dominant,,conflict,,,,,
6af96ef6c0706b010f2414f3a7205b164d9c9d1c3cda196717ffc307bed74aad,,,,,present,,,,,,,,,conflict,,,,,
a490bda7bc1dd25aff1514c0f41334a2fd9d1c5a886178a51ba711bdc13058af,,,,,,conflict,,,,,,,,conflict,,,,,
29ad7895265669ee2e653e8525e6da9eb3486e8e0e87c5e004c2784627f15b74,present,,present,,,present,,,,,,,,conflict,,,,,
3d28debef99c32d911d67322342ae2ca1ee96ea08a06eaa08519eac30633d9d8,,,,present,,present,,,,,,,,,,,,,
74a6fe64ad5add524287632c794def7077cf2053898ef66b7e192950a4d988f1,,,,,present,,,,,,,,,,present,present,,,
236e95147fde5c05e01b70bea075d03742b8a50de601a5806cbb97908365d210,present,,,,,,,,,,,present,,,,,,,
031604194927642adc2a791891fe2499e68131659a1b1a6df6928d0f7ff8bc8b,,,,dominant,,,,,,,,,,conflict,,,,,
148a5e2e639e93d4a24119d349c360b20c3b280ee0a5c234e68a402b7daedbe0,,,,present,,,conflict,,,,,,,,,,,,
cbf7c8f0c416a1ed8369474239fa06c41f6ae36422ce503c7c8f99cff35af0a2,,,,,present,present,present,,,,,,,conflict,,,,,
83a53eeb0b5ead9759050057a82d6b3929027fb3229c9878f6f247a6d3109e60,,,,,,,present,present,,,,,,conflict,,conflict,,,
2edab2a9876cd71dd414e243b8163c7b2234f05ee0cd0fa83bf6cfae15c24da6,,present,dominant,,present,dominant,,,present,,,,,,present,,,,
178f2c5537b84c3112ef04ecd330da39f34848721be6ae349a8647b34ab47f01,,,,,,,,,,,,,,,conflict,conflict,,,
f336be031bac075818773011d208a6dbd006bb5fb6df0d70b902400264403bae,,,,,,dominant,present,,,,,,,,,conflict,,,
2eb149b21e4db5b54e9c2165ac2e7ef2d19f83633247f4dddbb66fa4217c3a4b,,present,,,,,,,,,,conflict,,,conflict,,,,
6f07ac5ef57e56dfafc6bb58feb1c51b260763dff597ce8ade20794a00d0ab76,,,,,present,present,present,,,,,present,,conflict,,,,,
18c6e6576fbdb2a7999ed706761e09fa4a04094fe39457b1b9ea12f6cd1a3f94,,,,,,,,,,,,dominant,,,,,,,
772400d2b5e10631ac0096070b9b6e3e5403fa240072f9c508d945d9ed8888a7,present,,,,,,,,present,,,,,,dominant,,,,
e3af9120cf1cba507e89b6445360547837ec22f274875d16ac1732bbb6f026f6,present,conflict,,,,,present,,,,,,,conflict,,,,,
906eba58f98bfc49e58b7e13d497bcb7ce44fe6c9e57318e2380cb46b6d8f00f,,,,,,,,,present,,,,,,present,,,,
78058fac35cf64f7b7950ea50a8a4d282cb69bbcc30d6cf7ef4c258d977ba938,,,,,,,,,present,,,,,,present,,,,
d257f746b68de6f020bc4e7f70acebcb7f5c37558d4272c538b19848d7b9c0e1,,,,,,,,,dominant,,,,,,present,present,,,
aabcda67eb6681f7f22fabbaf0ef6f4c2fda01d2fd65046e835ff3fd1f919e0a,,,,,,,,,present,,,,,,present,,,,
c2043267ad2a67841fe9bb63b5806318a361f12be2fc6816e8e73cf7120696c5,dominant,,,,,,,,,,,,,,present,,,,
11518237790164008f52893bd82108620f8502f717fba836a420ab0872efb6b5,,present,,,present,present,,,present,,,,,,present,present,,,
9e5badc87ec76d78450947e755adb34a9b819bf9c595a05e152d4a663d9c3bd0,,dominant,,,dominant,,,,,,,,,,present,,,,
d9726d43d5ae7d564d97ee8cf6ccd8c70bb2cd37a087e91c2b6024258d97401a,,,,,,,,present,conflict,,,conflict,,,,present,,,
5689e1921e9dac7728215b471d0cde54f5ed9fc10759aa4d737901bdc9e40018,,,,,,,,conflict,,,,conflict,,,,,,,
8d6c36958a1cc0fcd51139439166906d2b25ea4721e540e3c22b0062b84de7c4,,,,,,,present,conflict,,,,conflict,,,conflict,,,,
65da85aef46de8599f0e5f0bc8f39ad2b5c0fed15d3328f4b36fc9f6a9fcb9fe,present,conflict,,,present,,,conflict,conflict,,,,,,,conflict,,,
75f1f3a934868745bbdab11091e6245700626812f655f663314f33ca633bdbe3,,,,,,,present,,,,,conflict,,,conflict,conflict,,,
9ea038300b31b7d6d0d830511eec00ab06d754569f71d804c81b6ec4017e3d02,,present,,,present,,,present,,,,,,,,present,,,
326040443d0a6596c3c3a3b7e440ab9a43df58abe3457ba055adc04c3fdffdc8,,present,,,dominant,,,,,,,,,,,,,,
bb52413f33c8da0e10717966c8e605a607678d0075f5755591981dd81b916cf4,,present,,,,,,,,,,,,,,,,,
7f58b6afc32d7e3ee2ad7916105fe158a6cf4db0d1a252c3a42e2bb4fb4ce981,,conflict,,,,,,conflict,,,,,,,,,,,
fedf077b19ecc3086bf853755553fbb276698fc299a552097a7ac8fdadac9dea,,,,,present,,,,,,,,,,,present,,,
276382d3f588a2a6a603c8f7f349ea9898a16307257d3fc37559a75d0d27fa3b,,,,,,,present,present,,,,conflict,,conflict,,,,,
72c688a7f3cbc65784f42238e4c5d18da6f7ae914d3590a3dae7fd2535cea48a,,present,present,,present,present,,,present,,,,,conflict,,,,,
e6ce255cf4e2cfcea7bb7096ceb1302f4f85f475ff594d7135e9c80585454d91,present,,present,,,present,,,,,,,,,,,,,
5e4299f604d14e564c868cec4afe217c354425ad907cd1116efaa3e51b8ecf65,present,,,,,,,,,,,dominant,,,present,,,,
088591d831fff1881fb5d0cedb46e8bb77f4cc562ac36a6ce789e1ba29e8c749,,,present,,present,dominant,,,,,,,,,,,,,
706aee8a9a2ba3f24fa52d35aba1089f18f376bee8f4a6800571e92c5e5199e0,,,,,,present,,,,,,,,conflict,,present,,,
0af6505869b3a31d3b9d0ad9da6d402edbe7d2960a33d32557ef3197d64ac61e,,,,,,present,,,present,,,,,,,,,,
70d9315096d6d89ed425dd782663f91beb142966c3426b31bb687beac685cd99,,,dominant,,,,conflict,,,,,,,conflict,,,,,
e5111a5419267bf8bdaf2a59e522cb66558ba839a68c6784d8e2b17df8477105,,,,present,,,,,,,,,present,conflict,,,,,
db2fc422bdd51b27c780eb8a7c812ae9bf1bf18df84f556d1c0ea065732529b2,,,present,dominant,,,,,,,,,,,,,,,
a4377adb339dd3b21bd82b72dd1af3b629e5f2f35cd8afdfc4f3a579cd8818fb,,,,,present,dominant,,,,,,,,conflict,,,,,
293079420224e89a52ea510b3e5c5b8179198df31a3ee899279973bfc22b7111,,present,,,present,,,,conflict,,,,,,,,,,
fd237322e517ce918f53337980f064c8b21c5ec6c923bfbaecd08f111e4647db,,,present,,present,,,,,,,,,,,,,,
36344ff876f46261cc8a8928c331075935343d31de677928ab3036e044831de2,,,present,,present,,,,,,,,,,,,,,
af2febeda40c20ba7523537784da1078d66063458d9f853ae35214a487649489,,,,,present,,,,,,,,,,,present,,,
892c9894deaeab7e0c8ad0676ab673d5c091717f64a514a975d1b1dbf1e67408,,,present,,conflict,,present,conflict,,,,conflict,,,,,,,
5100bd70a64ac804455e8fc26b593303df4716550ef2c1dd0d9e166bafb13158,,,,,present,,,,,,,present,,,,,,,
33049091f6a96855ba2986065b206bb4a2d6cd4b27611227f44a95afd486ba24,,,,,dominant,,present,,,,,,,conflict,,,,,
38a2d6d161336d81731b0a7625c0ef76ea2266baaf1e821f1fd7e77024ccdb1c,,present,dominant,,dominant,dominant,dominant,present,,,,,,conflict,,,,,
b8258ae962abdefd724c0a2315c60686e664c23b2fe7581e919ad2127042002c,,present,,,,,,,,,conflict,,,conflict,,,,,
28b43adda2077df87cdc06df52d05e1b886487c0959c297294776428e598ac99,,conflict,,,,,conflict,,,,,present,,,,,,,
4111accc782617539ca2fe06d068f1f051fcbf1a4280573bfa931308cac0b832,present,,,,,,,dominant,present,,,present,,,,present,,,
ab999f9ca799f76627f7a3abb836ec3dca11cd000a7eabc0008b6604ff918826,,,,,,,,,dominant,,,,,,,present,,,
7170ba1795e500e0b70f7afd87d01e64e5fb171aa3e6a329bba9216f9fb3f7c5,,,,present,dominant,,,,,,,,,conflict,,,,,
72516c5928c5eeb56e964c55f646df3d5b45eca781475aaa0c9da13cde11c23d,conflict,,,present,,,,,,,,present,,,,,,,
72176f3fc17f11fe2eba5f60a7abbf72de63331e92d561b5420bb20b4b889551,,,,,,,,,present,,,,,,,present,,,
b6278d5d27c7758fd269602020e4304357d22884526901f2b19bf62193a4d4f1,,present,,,,,,,,,,,,,present,,,,
a216723e9a764262eba41abcc448fce24fc44ae9849ff34b031486d557e32b2f,,,,,,,,,,,,,present,,,dominant,,,
457c0f8a32bfcca46b466af288a7c9362836efefce8d648054836aa691796118,present,,dominant,,,,,,present,,,,,,,,,,
f5d586f9a03668f24099d58930f6e491324ab200e2e2c31d146fb58bf0d77f3f,present,,,,,,,,,,,,,,dominant,,,,
af18efc0aa70caad79d33ba672f1c652946b33a177d6658024c61fac6906c484,,,,,,,,,conflict,,,,,,,conflict,,,
4751d614ebdc5f511d68a0285cddc1b4e873ca0ddaa89fbc008ec439a1b2e06f,,,,,,,,,,,,,,,,,,,
6a08a71e8605a164afb676db731df0645c4673a0afa5be9a1b4481e0984fbe01,,,,,,,,,,,,conflict,,,present,,,,
dc3e9222749c2b54748c64d1e4c8eeb3eababc9c76819e5e03ed734b27ffccbc,,,,,,,,,dominant,,,present,,,present,,,,
7e0ab0d19ca50622d674b74834c346d5e5141aac2e6ffce30d08dc1d01e0f5cb,,,,present,,present,,,dominant,,,,,,present,present,,,
416c27fdcb73fbe1841d8d5a4b985aeb37a9cc4a33a7930915457efdfce4cad2,,,,,,present,,,present,,,,,,present,present,,,
8fa2c07471e3db4bdd51ec84b0b348de000cab508ca717fe0a042ee2b3da91ab,,,,present,,,,,present,,,,,,present,,,,
c011e032f12d802eb36226915f6ac2805fcf1d16cfc3134680b6dbf7d64fb0e5,,present,,,,dominant,,,,,,,,,,present,,,
b47b81c438bb1405a4123e93c77dd96d09e9fa7f98deabaedc9c374aa5635e05,dominant,dominant,present,,present,present,,dominant,,,,,,conflict,,conflict,,,
dc96c59c2fa140dc106e0bb72eeff2a5721c69bf989dcf6e2ca01e4752cc5bc5,,dominant,,present,present,,,present,present,,,,,,,,,,
9da5f2efca0922fc35127f82fa2d9ac177b8cc351fb446cae17c6d6536f171f8,,,,,,,,conflict,,,,,present,,,,,,
61ad782d46afc1f54448142806ae913b9a49628db6c3cb48b6cb35d4b9be49e0,,,,,present,,,present,,,,present,,conflict,,present,,,
99fa35a5ec62cbf16f5f458612c1d8ba5e5354b07550fa90a67caf0ff0c2a0f1,,,,,present,present,,,,,,,,conflict,,,,,
0d523a9de60b69e0934dba05d7ae22f34e781387e8aa60665053a835033b3983,,present,,,,,,,,,,conflict,,conflict,,,,,
3eb07ebb0649511f3761faab2516303eee43ac4b73291208ccc725fdc81e7787,,,,present,present,present,,conflict,,,,,,,,,,,
71945953366fc641a415b3a8294980eb0c2cfabfb5b53444fe9c844b4aef87dc,,,present,present,,,,conflict,,,,,,,,,,,
c65523f1f3d7fb932d1ebf335493dbb0ee02ea51b1aae403e774d7eeb3275f45,,,,,,present,,,,,,,,present,,,,,
d64460be99c539837279985f573239fe23d3930748e9345158a883a7cdbd3993,,conflict,,,,,,conflict,,,,conflict,,,,,,,
95a29bab0810a40ff805d57da4d6a10cb783ea1869c8a1f5dcf2b0ead342b075,,,,,present,,,,,,,conflict,present,,,,,,
fc5ada9c7b1f9cd91b9a973dce446446faa04bc3ea2a34f73a0e320785b123aa,,,,,present,,present,,,,,,,conflict,,,,,
a9d8d7b747dbeac43c168ef467bc993501fad553fe41ac981af27dff23c38d1f,,,,,dominant,,,present,,,,,,,,,,,
4e66eb7b3fa5fdcb3cf30a2028e24dfa9d442994e842b2efd92c35522d11f1bc,,,,,,,,present,,,,conflict,,,conflict,present,,,
c66a77ecd0e97b6189d7a3eb7fd2340f9f47bb9e89045531d55e7f5003d3634b,,,,,,,,,,,,conflict,,,,present,,,
d6c0f69c1923a4d2bed0229691e1d8547c2b78bc029b3bf3f76b9a9e155daf3d,,,,,,,,present,conflict,,,present,,,,,,,
7527cc9ca993190a346aa176665e35db0450001207021bb77abfffbaa049f232,,,,,,,,,,,,,,,,conflict,,,
a868364e3273ec9256abb1bb0793ceafee0d55f44f0271e0b7e05bfb6735fe1f,present,,,,present,present,,,,,,,,,present,,,,
53f3f4d8c0b91dbec05fb2742e763431552e3205328297179f7fbab691d3dd8d,,present,,,,,,conflict,conflict,,,conflict,,,conflict,,,,
6b1613ed9d4365fb4cb053d9d7019b99c4c4d368ad4ac076c0fe686f1d371257,present,present,,,,,present,,,,,,,,,,,,
a1b5a26640bacb4ee8df2898173d079ef4d60036c57510bd31c1c3c569838ee5,present,present,,,present,,present,,conflict,,,,,,conflict,conflict,,,
6c724b163b0ea7215d1940b2635cf3325f39c7a9652311b4b5e681da667c7b62,,,,,,,dominant,conflict,conflict,,,conflict,,,,conflict,,,
c4e374e017841d1ba57cf2b08027d40a6a87415c61afd36a68577a44395c56d2,,,present,,,,,,,,,present,,dominant,,present,,,
7c496517a2e8090611f7f83ac30608589a7710e12c2a3e2f7bced3837613c7b6,,,,,,,,present,,,,,,conflict,present,,,,
5518ea787977e21b6bfc5bfa41270516bb79f70540ef52341a49b3f4755b6528,,,,present,,,,,,,,,,conflict,,,,,
4ee624107b3dbcce1077bbcf63524b503bbc85f696208ea204a52fc46fff8b83,,,,dominant,,present,,,,,,,,,,,,,
1046c54974880e6d08aaf5e5cf344ce90388d0f6430a5f04a9c39ea88295aaf9,,,,,,,conflict,,,,,conflict,,,,conflict,,,
4dbb4b2f0d68a2b738d6f1dc4929534c8939ebae3c0854c7dbf4d761f0a9ee7b,,,present,,present,,,,,,,,,conflict,,,,,
c55567ea0df20a4206628d295280aa26169bf2619f70c3cda9e3387db427dfa2,,,,present,,,,conflict,,,,conflict,,,,conflict,,,
f976c176a9c745c231dcda976a7ebb174e59c3712bad834267b90ddffc4776a2,,present,present,dominant,,,,,,conflict,,,,conflict,present,present,,present,
43d69990280efc7c333e4cdc46ee50656515890140a443225b176bbad9b01652,present,,,,,,,conflict,,,,,,present,conflict,conflict,,,
0ef5903920cc704c0b267cfd3488de0d67ec6b47d944e258d6a4091f853f4d99,,dominant,present,,,,present,,conflict,,,present,present,,,,,,
fe3498fa7c3255fb985ec80ab6bc17149f3efc3f618f27dc0aa189cdf93de5a6,,,,,,,,conflict,,,,,,conflict,,,,,
dc057a4899fc7ad11bef61625e718e08eb70cec988066b029413532b5b259901,,,dominant,present,present,,,conflict,conflict,,,,,,conflict,conflict,,,
60e007f4d74675c62229be29fdcdc516bc64028872a94cc098e12d400e795522,,,,,,,present,,,,,,,conflict,,conflict,,,
2c14e421a8d54513296d0347b313a5b1d0371dd0dc9683fb0c07d2db4d1b5d7a,,,,,present,,present,,,,,,,conflict,,,,,
39c41423b1c1f7626e84c50052b0c1d12c9075951fc0f3ea29dc9f26b1443d21,,present,present,,,,present,,,,,,,,conflict,present,,,
b84477278c70bcc54cf06b54c0435877d85aa229e9f146c45c4a86ba3dd22e29,,present,present,,present,,,,conflict,,,,,,present,,,,
6544bd670e773b55fcc0e221512c0c6a32f99ed4cb45bc84c9a4fd12698843c2,present,,,,,,,,,,,,,,conflict,,,,
c216b38df68384d9abc58bf2bb63472adda6c66a634f253003ee6a1404fb161e,,,present,conflict,present,,,,,,,,,,,,,,
e709bef266ed1315c89f121b00ce15c73fd7c27c0e514f5d79f5c9a9343a7855,,,present,,present,,,conflict,conflict,,,,,,,conflict,,,
1d31c2f430f9ef8438dc3cb7fe119126c9368d724cbd6addd20c3ade1ec72e7a,,,dominant,present,present,,present,conflict,conflict,,,,,,,,,,
4124e90fdba6a3389e8c2fab0e27afd0167c0386ce7452d17ed05a16160c0b09,,present,present,,dominant,,present,,,,,,,,,,,,
94d8df51dc028538cd625830b278756b20e589a33475d5d32cc764f99542eeb1,present,present,present,,present,present,,,conflict,,,,,present,,,,,
e37db256f4b104e223f923e06d19d2cb68ae87881fd241a925b33aaba9129c30,,present,,present,present,,,,,,,,,,,,,,
67d74276635f5ae3bc07a1eeb65b1120b37a2b465ccfd2b076a908c3721cdc4d,,,dominant,present,present,,,conflict,conflict,,,,,,,,,,
9f3c846946f0b6f0290f5b91f3662ba426da333ed1853b5daee5126f5d2dbc50,dominant,present,dominant,present,present,,,,,,,,,,,,,,
5e10dc01d0926c62bff129f5f35c225781b765901838325acd188ec74743a8a6,,,,,,,,conflict,,,,conflict,,,,,,,
3350f1607c043f04602fca4af20dfeb8f8bd19b68fe905a8fb03f02b11f5f1db,,,,,,,dominant,,present,,,present,,,conflict,present,,,
1756535f3d0d9904b599644024d32e7ebfd83036b60347147e2313276aa76e5a,,conflict,,,conflict,,,,,,,conflict,,,,,,,
5c4003b71ebc0ad100f85d615c48c8853e06500ceb21697fd8150fd72e40c0c0,,,present,,,,,,conflict,,,,,,,,,,
e89ca7fc3650a86e7661a8793a33b25ae1ce71a2288d7fa488df0e52e8dc1c5a,,,,,,,present,,,,,,,,,present,,,
5c90b2e188bc20b2563acc99e30e96bbb254c77a8df95711434f254660552ffb,,,,,,,dominant,dominant,conflict,,,present,,,,conflict,,,
1c3fe97aad19beba4339a3da91009a51f88b76f6c55edaf07ecf701fc8fe2556,,present,,,,,,,conflict,,,conflict,,,conflict,conflict,,,
9337fec05bfa7eeb20fa43d23cd97aa85bcb443ba0acca88714085f9205f84b6,,,,,,,present,,,conflict,,conflict,,conflict,,conflict,,,
38655e642e0251850bd3fceeedbad1187dbdf400c0875c43821409ce1c3353af,,present,present,,,,,,,,,,,,,,,,
d0448958be0907443c5a0a5573baa2e81fceaf59ae32f3dee847aa06ea4247b7,,,present,,,,,,,,,,,conflict,,,,,
7acaea7c931c7da113244b3bc0aa5b4f5a93671d1e39f62ec4f3d234f1c13890,,,,,dominant,present,,present,,,,,,conflict,,,,,
d1d56499f95ba49cc0298c730b90c6f3266c3923b1d0ab2b9d70eca461e826ff,,present,present,,present,,,,,,,,,,,,,,
304ddcc5eb6920b2b95cc45c016e23503010b93c30064343b980c1e50841bd33,,,,,dominant,present,,,,,,,,,,,,,
3c23ad7fa4870dcafb0246c7658bbce66c1d6acbf9bd042331de666804c8f69c,,,,,present,present,,present,,,,,,,,,,,
813d20945a215765b15f3568cbaa24e3ad599b1a9ea7d851f0f0ba59ada3441a,present,,present,,dominant,,,,,,,,,,,,,,
9adca9360640feea91ba6b3916559344afc025ae433df882db25569ea02f0631,present,,,,present,present,,,,,,,,,,,,,
736339bcc80e5470a5358ac4acb0772789156230ca834dacecd4421635edfc97,,,,,present,present,,present,,,,,,,,,,,
f00240e4984e126cc768717fd1dfdce64c6ee297a6336cf9bd6123fe97e801d0,,,,,present,present,present,,,,,,,,,,,,
d0dccdbb0cf040b688d3fbc16899c14e4e16d1137185266586250e6357d6be01,,,,,dominant,present,,present,,,,,,conflict,,,,,
1f3f4fc1d7e27e1229b80e02e62ee073ee4f3fdcd7e48dc5702dfdcc2c7e57b0,dominant,,present,,,,,,,,,,,,present,,,,
7aae288d9263afb45604102c8b20d071164836d132a1fc3d31557ad6aca18597,,present,,,,,,,,,,conflict,,,,,,,
d950624c5b062aacd6fe8166cf3ef0eaacc863f747e19735e9df2680a511ebb3,,present,,,,,,conflict,,,,conflict,,,,,,,
aec431e93a25a67eac7ab8a45be17b3c7201eb7bf65326e58cb0710aa3bde039,,,,,,,conflict,,present,,present,,,,,,,,
b7f81b230fa3bc7b8a87a682d94a08a906eeb1d1dc68ca08443c20bfad61683f,,present,,,,,,,,,,,,conflict,,,,,
f1e8a829500cdcab6335a47b06362b78714971d8d879e43aafd91aba763b3a36,,,,,,,,,,,,,,,,,,,
1ce805c04c5b0b01e61ad8149be304862470d14235184826dc8c35f63c90bd3b,,present,,,,,,,,,,,,conflict,,,,,
3de3aa150d3e7221b0464134ec91cf41bc2238ba432d947fcd9ba07c64df7c5f,present,,,,,,,,,,,conflict,,conflict,,,,,
a92b9fa134c8530bf6c07693959d0bd7696b62d23ef6ec34d2d03195f8aafd43,present,present,,,,,,present,,,,conflict,,,,,,,
9c36e7e828a5eddb09d8d3c1570c4c9bccb66080ace4210e3ada6477c0339c48,dominant,conflict,,,,,conflict,,,,,conflict,,,,,,,
a62de8da9d11556d15c80f7e2467e7689dc9f3224c8f8bdbdce9a73364cc1cfc,,,,present,,,dominant,,,conflict,conflict,,,conflict,,conflict,,,
18aa35fc1b281dbe9d0d7633b7cb7abcdcba3668f0b7b6a7346c32a7b0aa5767,,,,,,,,dominant,,,,,,conflict,,,,,
7eb69d6aefd9aad7aa14ddde0252d93f9807ef80b32e78ea7e9ce301f8fec7ec,,,,,,,present,,,,,,,conflict,,,,,
1f2b087384fed6d8925119e95cc72fd2599f0dbc3ad3c916a9d78335ed798359,,,,,present,,present,,,,,,,conflict,,conflict,,,
2b2158d481b84f76cafa928880766ea0b74f2aa3d30c51d62e5a3c4f5a98fad6,,,,,,,present,,,,,present,,conflict,,,,,
816baee68b84d20e05cdbcd699f7d43acb88ccb56e38641c9f4e084ad63d9619,,,,,present,,present,,,,,,,conflict,,,,,
e35a68613a0ff33a0337f1d440473c68ecc838256cebdf3ba9d0e181a9b9f8f7,,,,,,,conflict,,conflict,,,,,conflict,conflict,,,,
9a26606fad700298381988b0fb5555b6b7ec9f0bf0a5b280e77bf9f5743bab64,,,,,,,,,,,,conflict,,,,,,,
308cea8e1513b96a7da06c947f1384d83f35bac367170ad09675adcf7164ec0e,,present,present,,,,conflict,,,,,,,conflict,,,,,
ef302b11244dab3ba34fbd8aa8cc1e1ffcefc69cd8bc394448393af1e7188db1,,,,,,,,,,,,conflict,,conflict,,conflict,,,
4db69924f38e44b1a2e98814be9c2d38eeb8c57b718eb0f64b25a0c58d46f511,,,,,present,,,dominant,,,,,,,,,,,
ab936baea420aaf6f8e88d696683c37ee8676faffed8c6fedca4533dec299c74,,present,present,present,,present,,,,,,,,,,,,,
20629d9323d3ca1146088352c6cda2b1c920db618269a1a6805ac620064a3a54,present,,,,present,,,conflict,,,,,,,,,,,
db393515c25c4799528530045179d0f1c5abb98d392bdd6151d96b7f7b7348eb,,,,,dominant,,,,,,,,,,,,,,
bc504478d1d58f586f1e9c2d51a5b3a760d58e89961475cc4da590b3a078e489,,conflict,,,dominant,,,conflict,,,,,,,,,,,
e8baf64d87d4fc6335d3e2506e58199b15135a5251a5400f0d6963b665d22b39,,present,,,present,,present,dominant,,,,conflict,,,,,,,
35a5efcf009f4e701015f550ee35279aa3acbba949fbdb58b06d436100364e3a,,present,present,,dominant,,,,,,,present,,conflict,present,,,,
5d6c8d03faea5164850a213a5557303f4eeb71913e028732591fab1394b336ce,present,,,,conflict,,,,,,,,,,present,,,,
315c4116219ea46a3fff5126d89c3e96346caa6ade7c85eac471f71032f1d68e,,,present,,dominant,dominant,present,conflict,,,,,,,,,,,
95abb50813a5a3c1145444c886ea456f3f055c86cca3b34e4c55a142bd8d5477,dominant,,,,present,,present,,,,,present,,,,present,,,
14bf4c080526320457d38e1b476cf4f7abd0f611e8747bcf2b2a574f0f8e3b70,,present,,,present,,,,,,,,,,dominant,present,,,
4b2d9db5f1456556082f99475b90cf960ff4cbfce70c5c72ca8be84e72e74793,,present,,dominant,,,,,,,,,conflict,conflict,conflict,,,,
95b7bf7847188dd2276670a25c16f5fdb3e5f9c92e17b55e799a190a564d7732,,,,,,,,,present,,,conflict,,,,,,,
6c5df9744e83ceaccee097e4f511813eae955bab72dc51d362f1b6c4c46c3427,,,dominant,,,,,,,,,,,,,,,,
d3ed09e867452d55e1bdc5b6a61f10ed93a0877c2b01e97bcc580d01a9357218,,,,present,,,,,,,,present,,,,,,,
429a2387820a37e2837b9e221672cb89283f929f439223007258890c4c476ca8,present,dominant,,present,,,,,present,,present,,,,,,,,
1b05c5034cc4aa9b6bddba40f938b6bd25e31139214340afaf36a1c4ba2666d9,,,present,,,present,,,,,,,,conflict,,,,,
0be375d4fd85f50a029a157f11936ec46c5bddbd47955867da867b7964e70dc0,,present,present,present,,,,,,,,,,,,,,,
a69876ee7fb80f6f3d1635c431c1717369d02c6b5bc308446e960521c6b18ea3,present,present,,present,,,,,conflict,,,,,,,,,,
2ec148372ab39428f50601f46b220d762daf585a60c912b2c8d7a0b5d84f67c5,present,,,,,,,conflict,,,,conflict,,,,conflict,,,
5ad1e7b6388bcc8c7d894142117a258bf1e1112394c4961922f737536b1c32b1,,,,,,,present,conflict,,,,present,,conflict,,,,,
288b77b85329286ae0fa7c63497e5917f9c07c6efe8d27eff5d87aa10b58fe7d,,,present,,,,present,,,,,,,,,conflict,,,
336050d6c9034d79a2a54ce6ac36ed046146986aa215ceb6f05c0dd170e6fb15,present,,,,,,,,,,,conflict,,,,conflict,,,
726863e6c991a58515786cdd5e4a2c07c947f3d771bdcba807b7ab65122839f2,,,,,,,,conflict,,,,conflict,,,,,,,
0b6c555caccc72e769d5f56f11555ae8671271c04dc9178456ff70c4e38c702c,,,,present,,,,,,,,,,,,present,,,
7bdd2a82a05cff4f38742673da5298e72fd0c7adcedf0a8984ddbeb2a9e4ab84,,,,conflict,,,,,,,,conflict,,,,conflict,,,
aee50c08ef9fae4ae842f3c88fa6dd2eb0cc8493c9a927a9934e41a4ff41561d,,,,,,,conflict,,,,,,,,,,,,
b70bdc2d14ea3b747e4b005998a7327eaefa12e6071ecaf207d9c6c9d9a51f04,,,,present,,dominant,present,,,,,,,conflict,,,,,
42c722f91e2a688deeff285b812965fbd74b852c7a3c1b3a4da31200585925bd,,,,,present,dominant,,,,,,,,conflict,,,,,
13d84de41b17b7698f1ac33992ec7d08c7bed64888841c1df428c51a18bd9ea5,,,,,,,,conflict,,,,conflict,,conflict,,,,,
6742bca5e6f66357ba03ba2ebf6320b9d4509b50363360beb76f01bbcfe86308,,,,,,,present,,,,,,,,,conflict,,,
31ebd462f5f8636741ca7ad5b05727ed178a9c98aee73a5131e419d1489eae1a,,,,,,,,dominant,conflict,,present,,,,,,,,
a964b3745837bf3510e43e2aab629961f08fa39aa6c576f1af0abb808428c0f9,present,,,,,,,,,,,,,,,dominant,,,
af1be03a0167348d91a01d102655cfe5054b8217407fc0c30033690363d5995e,,,,,,,,,,,,,,,conflict,,,,
635e87a93ee2e473f5b747d2e8fa1d0a36791cb188da846f94e11bdd7cdd2d20,,,,,,,,,,,,conflict,,,,,,,
7056587161925ddb586ed43262e50a821f35c62384950c28a6c180fc1527726c,,,,,,,,,,,,present,,,,present,,,
04c21f4eecd0069b8a370aa3aab6ec99bb355c830fafbc61a7199e8f8452cc11,,conflict,,,conflict,,,present,,,,,,,present,,,,
9f6570b4498013f0069256f05a96792b44d8bc6f02d9c04cefe5b8a5622f1f58,,,,,,,,,,,,,,,present,,,,
ad74781c69ec05100b8315933df9018b5c5ff2d80f45c074b34aafcf6fd40586,,,,,,,,,,,,present,,,,,,,
4ae0f837b670529a56ed217fc409ac8130e592cb1efb376a2f89bfd866d6b0c7,,,,present,,,present,,,,,,,,,,,,
47bee9ad81669c80260bbd74549f2edc1dcb34643e15c8597463acea37a10865,,,present,,dominant,present,conflict,conflict,,,,,,conflict,,,,,
fc4686f2429b3aa27f4d7a7f8d82d1f4bee960553978e79d1968b05ca7bd706e,,,,,,,,,,,conflict,conflict,,,,,,,
8de2e686b38bb2e1177100c74e3c10af2ea1081a805628e90da8fce031437880,dominant,,,,,,,,,,,conflict,,,,,,,
bd7843ca66ed587668634d29e18629f341839095cb3d2965542c467fbe8255cd,,,present,,present,,present,,,,,,,conflict,,conflict,,,
cd7bb3b69488b0a9876ac5506add2734fde14eb507a9134911835d4b0171c42a,present,conflict,conflict,,,,,,,,,,,,,,,,
bc8e05a72d61153e9d2fdf9c039dcdf260ea90d2248176a276f0128626697bf2,conflict,conflict,,,present,,conflict,,,,,,,,,,,,
fca60ed61a429e2a592412ae4b71e8e8d89076b2f400ed23871f302db74e2d75,,,present,,conflict,,,conflict,,,,,,,,,,,
b067a55c97d0ebfdbfa0bec27e48373f0b3bb7099bda6dcbfff3e8d9b4cfcc2a,,,,,present,,,conflict,,,,conflict,,,,,,,
4faf90274edfbd37327428776e1a87c130d24598407ecd767ed57dc9b95ed155,,present,,present,present,present,,,conflict,,,,,,,,,,
78b4a52eb0d0920f247fbe6a6810fdeea285a093c2b5b9cfefe4b97d1b6cac88,present,,,,,,,,,,,,,,present,,,,
3e782748eec612069ba1c4ed077be807651efb01eb43ab21e3e571a2d9e84ea5,present,,,,,,,,,,,,,,,,,,
4987b6a4190b5278574fd720d07cce21ce70716eac238a4a68112b39e3fbda07,present,,,,,,,,,,,,,,present,,,,
0de0df448a959f05e1817e4be505e9ce78f23d2a4b77044ca31a78c197add7e3,,present,,,dominant,,,,,,,,,,,,,,
c654e8c27ef27915c0dfde296925ebf83464dd8c925b6b97191e2dffcfb867f2,present,,present,,,,,,,,,,,,,,,,
3a59c24a0e117e3c143b376570223ded21ce3457ef0218b4c60707ccaf21ec36,present,present,,,,,,,,,,,,,present,,,,
8f92c5919044534d8f0dddda0f5403ed2d899307f4fc4459845c272f0e93369b,,present,,,dominant,present,,,,,,,,conflict,,conflict,,,
a8baf52b012c301c69b8474da19735d23c2634d5e5e8b48ce84bec1ae75b9475,,,,,,,,,conflict,,,,,,,,,,
951bad6c32f50502670a64b9a367535e9209a534bc7e38ee5fc1fe752d3b9a66,,present,present,,,,,,,,,,,,,,,,
8a0d5ff9dde72449b62d3b5873d1006127637cb684911f0022942563caece38f,present,present,,,dominant,present,,,,,,,,,present,,,,
ace700f0b0dd14cbb3a0ab36df24a59b69eb1cf5be763a6526019d380c47fa1f,,present,,,present,,,,,,,,,,present,,,,
af7892616ebe2b0056ea4addbb0a7a16a8b4875124cbbe0de028c693de993969,,present,,,present,present,,,,,,,,conflict,present,,,,
fbee598c4d836a1a38870d9ad98601133bba0065a7f0f537201e8e6cc4e7ee76,,present,present,,present,,,,,,,,,conflict,,,,,
8d763824b30a53c8ccc813e94c6cc9d0e6c88b89a9b4cc35ad1e00885a44d6e9,,,dominant,present,,present,,,,,,,,,,,,,
14561e8c468d100c8d9f4e3c8665e4000bff1098ee08c0590ed4e6e187e2be51,,,present,present,,present,,,,,,,,present,,present,,,
7ef9b4d111c0d946de1bd43fb5c6af991c61954e10add515fdb8a7cfe54e7feb,dominant,,,,dominant,present,,,,,,,,conflict,present,,,,
d41f2e783c4a010f8578403bf5c510803194ac833fe547d72e344f70db8664a2,,,present,present,,,,,,,,,,conflict,,,,,
b775d01b71bac71353904e68151fae44c68a65059ea37c123e9ca73dc2125796,present,present,,,,,,conflict,,,,,,conflict,,,,,
86f59471da555eb2647f053a8efe7a98d2f9b683e7385a11ca4b5d20f29aaa62,present,,present,,,,,,,,,,,,,,,,
266b6118a7494198c5da18f07aaf1aaee1d6b0d39f50d593c270994d19885725,present,,,,,,,present,,,,present,,,present,,,,
78d1bc2e36faaa19adb323a2b958abe5a67f753cb66987bc763325d6e63ae69c,present,,,,,,,,present,,,,,,present,dominant,,,
ac9bf66a03cc161cafab76ca6a3f9d92b8603df80f2852258822bf537f33f7b5,conflict,,present,,,,,conflict,,,,present,,present,,,,,
e793bcba846c04d52ed9f4242421ec80a7ef36714b857558d72f67a6bfbd3794,,present,,present,,,,,,,,,,,,,,,
0feb8ba75a040fcb71d723db17e13012bc9e54762abc4418db0ade783486b22a,dominant,,present,,,,,,,,,,,conflict,,,,,
994d2aa8a213c930eb2d43bd0ae6a542d2ff51bf490e5054645a00d87c77c5bf,,present,,,,,,conflict,,,,,,,conflict,,,,
665a1d0cf5e684652c3ad441d6dfb7927ff9dd72ebe638a0507701df5e5cd591,,,,,,,present,,present,,,,,,present,present,,,
50b92dcee330bb2ff52bab3c1e7997e6dde1373078c4272cb7baf2f85eb40747,conflict,,present,present,,,,,,,,,,,,,,,
3fba53ac6b18e34629e1bcbd3ce0f5d05e45c4babc5c789016b2d70f3c26cfe5,present,,dominant,present,,,,,present,,,,,,,,,,
369043cb930843a395093b34ae2060fb868c2555a427068235124f09b14e6c58,,present,,present,,,,conflict,conflict,,,,,,,,,,
cccd8f87df37792da9a0c4231127c2193c495da0d9d28c37d174c591f9fff147,present,,dominant,,,,,,,,,,,,present,,,,
3c0e56f1d41adc0c1e170059549370bdf0d0852c643ea0ffd9ed985969de1d0b,,present,,,dominant,,,,,,,,,conflict,,,,,
c9cfdd4b096fae4d20717b486fbb363bd143948b72ea704fcd4e8f930acedefd,,,,,conflict,,,conflict,,,,,,,,conflict,,,
83efc19b23788b060b7e1dca2d682a59f6416572f7652492cb80e19c220b90df,,,,,conflict,,conflict,conflict,,,,present,,,,conflict,,,
1325980f5a8c6c31108c6a51a397d81f484847f0e5de63df415b2d9281420bfd,,,,,,,,,,,,conflict,,,,conflict,,,
42a3a73dd656b19ae911881128dea9fd40d400758aa8942359a0fbc91b84a190,,,,present,present,,present,,,,,conflict,,,,conflict,,,
c86aa975f6b2192641d0027bdb48130abff7f1594cbf1ae0686913ae77433395,,,,,,,,,,,,conflict,,,conflict,conflict,,,
3428301ed8850990ac26ece9637bbc3a44051d2520f34b7bfca2e169ffab01c4,,,present,,present,present,present,,,,,conflict,,conflict,,conflict,,,
4b988abff77c81d3427dc0a961a411e7f3514d3fffdf466ad12dcd186bc42abe,,,,,,,,present,,,,conflict,,,,conflict,,,
00654178cecf36e538fa6718fd5b954058be70bcb602de319cb091a338245321,conflict,,,,,,,conflict,,,,,,,,conflict,,,
d8d89ede31a9dd94675ebb90d032ec50b5f94425b88fc8744d7c13dc369ae59b,,,,,present,,dominant,present,,,,,,,conflict,conflict,,,
2a88a477e24b311e60a089cfd1a8b46b72e129cd929995b65776c207dc615cfe,dominant,present,,,,,,,,,,,,,conflict,,,,
74d93f093c34e4040d1446ada19e85eb1b901a3ab0a32274c1432a8198784f23,,,present,,,present,,,,,,,,,present,,,,
5ab3b20ee8c1d605fde880a6309d0c47d16e9d754ab3c91073d417b1f0101244,present,present,present,,,,,,,,conflict,,,,present,present,,,
8220d0aed94043839d424203656c51d1c218bd5e020644d3739c3678803755d6,present,present,,,,,,,,,,conflict,,,,present,,,
264515f90c57d008f8c4a760168a906930e0f314b089b799f56959c3649c1583,present,,,,,,,,,,,conflict,,conflict,,conflict,,,
8a58ba1a02d4dfa140bf86ff6d884d7d2ff9f9569852354692189d1e55c04ea1,,dominant,,,,,,,,,,,,,,,,,
99b9825cc209ee5ef1b82a0d682a9a1f91c5f74639702985d26d183da25cd1e9,present,present,present,,,,,,,,,,,,,,,,
63af7d4ad8fe9555c8664e42180d52727de07052dbfd50c53dc6828325319d52,present,present,,,,,,,,,,,,,,present,,,
9298cf32b456eb1f5dd22f473c5b1e759d69a87924bee245718be0788e2adfd7,present,,present,,dominant,,present,,,,,,,,,,,,
f6fcb81194486b25a044932c5fe78b8befce46f2ed5574103fbdcf7025833c42,,,,,present,,present,,,,,,,conflict,,,,,
9cdb097939817a3d2f9e3a0e4d84c3eb6fb8a36ae65b9df5023e5c96196a2e53,,,,,,dominant,present,,,,,,,conflict,,,,,
3c03e8e1edff38f2e9b78c528862920261ba95e1e5c1bde7a166fd661ffb14a6,present,,,,,,present,,,,,,,conflict,,,,,
b21fdff1ea4746ae19ca360f037d26da72987178c199f599cc26ab1b4440cae6,,present,present,,present,,,present,,,,,,,,,,,
621419b5818d398fe92d5ee32af6e4566b6288685c5e98921bdec6a006540814,conflict,,,,,dominant,,,,,,,,,,,,,
755609cb624ba1f9a83d0824fecf09674f369f2ba5751d0aaf8cc45b3a9fd4b3,,present,,,dominant,dominant,,,,,,,,,,present,,,
cb207a58d73c0bb5048b0edd49787590802fd30a54c003254781e094a228acd0,,,,,,dominant,present,,,,,,,,,present,,,
8d7e52ae29094c56e7aba102a19e706808e029006f2195f61627eb2a666990d5,,,,,present,dominant,,,,,,conflict,,,,present,,,
223fd0c855d3b27863c593991c3518b814eb7a75c09c6c5a39a8e4cdc7d5eab2,,,present,,dominant,present,present,,,,,,,conflict,,,,,
372747feff4f39d86b196f75a97cc858cbfad8d84c6a679b23f12c4256375335,,,,,present,,present,present,,,,,,,,,,,
11896d662bf5be948ef05457b48aed7631789bdb1f173fcf1dd285f02160072c,,,present,,dominant,dominant,,,,,,,,,,present,,,
b15d8b6e1a564e832c836c0c65c7c3bcb90222a3f2c4db2c9c656e18765e4dfa,,,,present,,,,,,,,,,,,,,,
af911dcc901b951671e4bdeb718cf2af2e72aeebee7be24a66f8a62e74ee752f,,,present,,dominant,,,,,,,,,conflict,,,,,
d595f90151dabc43d21e0830d060294f6c2486c06517854a68d171a89e161052,,,,,present,,,,,conflict,,,,,,conflict,,,
19b732976d285bc1ac03d43da332a025f983e9086592bf4fc36dc0183ac4c0f7,,,,,,,,,,,,conflict,,,,conflict,,,
71a17ae65b7ce069c81cc11adf262d1901e6aace60529f107edb286a3acad0ec,,,,,present,,present,,present,,,present,,,,,,,
97cada01151cf6c8e22ea5fde5b59287f4f65ed239640634baa6a22227a8bfec,,,,,present,,present,present,,,,,,conflict,,,,,
7d5e78a54b4ea14e9920ead76819bc9049cedb5bf2463fa3d3524fc4eba8f3f4,,,,,present,,present,,,,,,,conflict,,,,,
8904e1318a8d9c555283df59be98e9a206d4223a11a547e98e4c00660134209b,present,,,,,present,present,,,,,,,,,,,,
259d2a6aed548b267c771af1e7add1808d7d09a63ee32200ebf1c2cf397ff2bc,,present,,present,present,,present,,conflict,,,,,present,,,,,
ac4e8457f93d1fa7081fdc751e7d84c2a778e814c1977048d4c57c9dffd552b9,,,,present,present,,,,,,,,,,,conflict,,,
da158082cba515f6dd131f6b4393257632690658cd8ea984f94d26de149c15dd,,present,,,,present,,,present,,,,,conflict,present,,,,
6ee9853a9ebb4fb18bf8204963adb3b013f5448540c7b76a2b99b70743bdc2f4,,,,,,,conflict,,conflict,,,,,conflict,,,,,
dbf4302d7ec63992ddc777c5cbf6e5042f5d9fc836f53b1377a1cf5cad9585bd,,,,,,,conflict,,,,,,,conflict,,present,,,
b5c4824d383d1455f8cb33dcf4265ba17e1e2b6724edb4942b49f0f88faa4ec7,,,,,,,present,,,,,conflict,,conflict,,,,,
951689a5f223462acd364761290b80342b00206a73a230e20ae16e27332ee1b5,,,,,,,,,,,,conflict,,,,,,,
77778d1d5ce7a6e66c56ff443585cdd9557048cfa527895aad9a9d1e0c87fe22,,,,,,,,conflict,,,,,,conflict,,,,,
54ca37c8c686a63768f696ccb6f6187d4c252f16144da26cce41a1a9686ddea2,,,,present,,,,,,,,present,,conflict,,,,,
a0caaf96bd9fd8448cb59269045dd28d54f416c8db6261ed3e3a4bdeeda67625,,,,,,,present,,,,,,,,,conflict,,,
c5f4b4c8dffa5251523f60b26e31a785b41dc0b08ce766ad19df6432ac3c543a,,,present,,,,,conflict,,,,,,,,,,,
9e520791a2fc56dbd44ca3ab12c853848902fc89083ba9d6998259d350b9b2db,,,,,,,,,conflict,,,,,conflict,,,,,
31d682b58f3b759179df96c2c9a4e47beee72c9cd1bcc72cf6b7fb9000df20f0,present,,,,,,,,,,,,,conflict,,conflict,,,
cf53e925acbe6455246f2b960f38228740475a3380cd0f1007ba5c066f8b055e,,,,,,,,,,,,,,conflict,,present,,,
9dc734acde209dff3481d6a552ed99b4f4da7914b5f45c148b8d6b6b02e389e9,,,,,,,present,,,,,,,conflict,,present,,,
a7e3dc889e8241a38d6084c9afe01ef36f324797fd0da42fb1e3d00e2aedf3ba,,,,,,,,,,,,,,,,present,,,
b9c6efa626e2f2186da87890948258d77984741445eb5ccad5b924a22d4d9a5a,,,,present,,present,conflict,,,,,,,,,,,,
1ecb97f5aaae1ddae80a4d9fd15a587bafc570aea7ea0622e209273f52596799,,,,,present,,,,,,,,,,,,,,
920639822e27280741f1855cfaba779f42c51d41801a2b47a5678a159120e60a,,,,,present,,,,,,,,,,,,,,
10a970eb6852621cc385d3857b82ef944025c2d620feddc0fc0a3997c6882d1f,,,,,,,,,present,,,,,,,present,,,
57aba2bfa02fb8afc86d7de731aee2f8b0ee6343c962302f1517440ff3dc5d2a,,,,,,present,present,,,,,,,conflict,,,,,
094957a4cf0860f9bd7b840be55189a9788db6e11483559391e3b55bec80d945,,,,,,,,,,,,,,conflict,,,,,
4402ba31c34bb5d1b31b4be683bccacd7a464e5aed3833648ee029c0ea5e0405,,,,present,,,,,conflict,,,,,,,dominant,,,
1c887e037c6dcf5c06f8e941155745d5694110b377b5270aabccb5c6ba5ee8c2,,,,present,,present,,,,,,,,conflict,,conflict,,,
6bda986103f2e79dc2b7d1b25e9ef0bf2cc6b168e5a5f0f9b86ca504d0ab367b,,present,present,,,present,,,,,,,,conflict,,conflict,,,
af9a6e930747a6f79f4c2b0e4084665c886d58f86d2170d1ef6a3c085e8fe2fd,,,,conflict,conflict,,,,conflict,,,,,,,,,,
7708d4982d045e4ce5e46d92cb6e50146ab4f3c52d1d2468d48de072dbfd8992,,,,present,,,,,,,,,,,,,,,
3edd9fdb74cf81a55e47333ec8a935a22d7c805a639eb6143883582173722e99,,present,,,dominant,,,present,conflict,,,,,conflict,,,,,
08fe91517ec9cf118c1c0a2aa6a794df5d7a54f360d4d4ef5360f94c38b6a76c,,,,present,,present,,,,,,present,,,,,,,
1dfcae86b96a731c755539182841525ed5864e8d32633b9d47dfd638b16b9eac,,present,,,dominant,,,conflict,,,,,,,,,,,
ef820fee097deb2836844dae6df18e7110cb00e166a8541de058f077f96f70ac,,,,present,present,,,,,,,,,conflict,,,,,
246874c074cd193388068c6bd9ab893fa17482e08d47e467fb5820b82ed8f606,present,present,,,,present,,,,,,present,,,,present,,,
951e510c1677b1b430d12f4162d11f95e517a448bc95c01c884671a25998ca15,,,,,present,,,,,,,,,,,,,,
506bc19d3ef4c8c0bb2c63be7c3ffa08bab7fd3c6b3870f1937634ee76c76ecd,,,present,,present,present,,,,,,,,,present,,,,
9da15c2089125b31cfad2a6373a601ab7dde3d739ad7bdd15f5e99d06c805663,,present,present,present,present,,,,,,,,,,,,,,
90ea5941ad0f48567191fccc94409e1cbbf052a84fb70f5a714d7d92597081a1,,,,present,,,,,conflict,,,,,,,,,,
c753de946f419515d1f94e3dc0e4a8ee2076fe18ccc17155086e96ec9126808f,,present,,,present,,,,,,,,,,present,,,,
f6878db283b5edf749ac4b835fd848fe92f7d196867a11e1d36b702efa89c0b1,present,present,present,present,,,,,,,,,,,,,,,
08b52f62c2cdd9ab53cc3f0a714796db1e16bced8bbc0e6cc01ce6fc41ad3d53,,present,,,present,,present,,,,,,,conflict,present,,,,
ceca1e07ae99986850546739dc7d8ba379d9c82914239a21bb216c17ca6af088,,,,,present,,,,,,,conflict,,conflict,,,,,
f74fe8ac1c50313a7ca7f143b2134ae9110ed900f9d1a589bfe1b9033a74733c,,present,present,present,,,,,,,,,present,,,present,,,
7ad14c6b8087a78b050c8a5be00a658cb02fc3ae4b0b844ed8f81e95c9efbce5,,,dominant,present,,,,,,,,,,,present,,,,
2fbd10abfdbe8b38160936fa144641d9bbb811e7ee8802c44cde174262c16098,,present,present,,,present,,,,,,,,conflict,,,,,
fa6a2097d94a97124ab06de994c69564ba39f31be77e3195680b9edbd1684699,present,,,present,,,,,,,,,,,present,present,,,
db545821661cf395d234c01e902d10c72e68989a1f139506ad5915f2ffdefa25,present,,present,present,,,,,,,,,,conflict,,,,,
3cf1330cbd787e2231b987531619a09f2507f7a9167bc853e05e75119f6a794b,present,present,conflict,,,,,conflict,,,,,,present,,,,,
d5f001dba1ad307c5315b39dd74bd77c0c901458158c230314046d5873049318,,present,present,present,,,,,,,,,,,present,,,,
d3ce86c211cd5fae106fe85cb7b9641dd0cf99f30e7beb7a71aabc14a9ba5afb,,,present,present,,,conflict,,,,,,,,present,,,,
a1b6be3ae1782cbe738f50983c253c7e4b3c8d8428a0040a3a11bc29adce27f3,,present,,,,present,,,,,,,,,,,,,
724325cd6272ece9bea2fb16cdcbcc174d8bb995da28bdaea678929b095d2677,,,,,present,,,conflict,,,,,,,,,,,
07a8e7a5706f3380926cdd79d941621760615c774169a3dbcfd09ca7b1c9cc74,,present,,,,,,,,,,,,,,,,,
e396cb0f890a1773d41cafbf4a090701e50faa1011183eb746b572d3c8fcc63b,,,,,,,present,,,,,conflict,,,,conflict,,,
b5fac151519067a4dcee7d720d601a9cd7d1ffade7321235fc7473659c819f08,present,,,,conflict,,,present,,,,,,,,,,,
ebba2458b950778691bb44de71abdae18a222b08ec1ce4e1d98e69682c093492,,present,present,,,,,,,,,,,,present,,,,
131b46289e5e7bfc79d86cc97bd807cc810c2eb73dec6857a2f0fd8fb508288e,,,,present,present,,,present,,,,,,,,,,,
0313d627e1078221820936154c41a908532dcb96ed5e88cc18150ad7d95fd76a,,,,present,dominant,,,,,,,,,conflict,,,,,
2064370e5a6ccc2817bab2f5ee5208b93f3193a61ec43d3b49979b7d3c389822,,present,,,present,,,,,,,,,,,,,,
80ae4839f164bf9ea255da24f1dbbe97127ba6f08abd6f70f76e0232cc0f952a,,,,,conflict,,,conflict,,,,conflict,,,,,,,
b7cd5a2a499f78d781d37125bf67db41578fd1573ebd645fff6eeeb64366c955,,,,present,,,,,conflict,,,,,,,,,,
c15d13560b28cc10f2513bb9f52bed3d99868411f295c0677d5788a672ae4e49,dominant,,,,,present,,,,,,,,,,,,,
4c8adc785ed24fcd241e313586ae4da45a458b2afbdeab68f8a6efd0000171de,dominant,,present,,,dominant,,,,,,,,conflict,present,,,,
a2e07adaee646e14b8d84cb3eb462450f29bef891fefb527dab2e35a51b48238,present,,,present,,dominant,,,,,,,,conflict,,,,,
8f4f4641ddd95a7db1f8dff10065f8630b08f92f551cf0ec3e045d7a44536047,,,,,,,,,,,,,,conflict,,present,,,
49dcdd029a77643ad77126adfa363bdbc4e33166bda69c6b74ae7f7118a0c039,present,present,,present,,dominant,,,present,,,,,,,conflict,,,
8fb51cba3f296887fe89cbe319201db906426a9f7f5e710fa31f03a2e1a36e78,,,,,,,present,,,,,,,conflict,,conflict,,,
0b316a0e6b304deb9722204f3442db1dec5e213838fd221b0fdcff50f0e6f383,,,,,,,,present,,,,conflict,,,,,,,
a1a79ea3d3690c29252e8153288e8839251bc86b7e8ce6530f57640cb8be0fb3,present,,,,,present,,,,,,,,conflict,present,present,,,
6e3d1387995f65881cf46cc430200b46d35af096de50451efd07a2ebd345316f,,present,,present,,,,,,,,,,,,,,,
881bc29e4884dd222a040c9f7cf6d8769c2237bfd0df2892c62a001573cc5c55,,present,,present,,present,,,,,,,,,,,,,
83d54838f49871dc74e431763be693f417cc67eb2a37dc636482e7813ebd5b69,present,dominant,,present,,,,,,,,,,present,,present,,,
0a95095afad6286f3fb644d719feb16844f0dd223cdd122a32318a7b44128518,present,,,,,,,,,,,,,,,,,,
65878812e8fb3d85b87aee4131832e9f18fbc0b878175b10883642d5db83cdb6,,,,,,,,conflict,,,,,,,,,,,
c6413950d0c03370a27039f334f2f8a35d0678a6cf90b26edfb7119290d96d8f,,,,,,,,,,,,present,,conflict,,,,,
c391199444dc0b8c5b4e81fdfa1c0ffac825a11e227b5033bb7fdbbb36416559,,,dominant,,present,present,,,,,,,,,,,,,
fef665a83f336e63fa8c43825932dedc39b323eda87b1adb475b3b641097834b,,,,,,,,,,,,present,,,,present,,,
16dd847da4e6de285931c9abf9a5a38fe54e4e5eb6352680a492d1a550d03aaa,,,,conflict,,,,,conflict,,,conflict,,,,,,,
e5cae6038df4db8dad46929506fc931d48e5ad0e932d4d86163624557c10c156,,,,,,,,,,,,present,,conflict,,,,,
62b0f273cd7a140849b2a596fe938ccc4468ffc7ba1ce1bc1f08508b885f76f0,,present,,,present,,,,,,,,,,,,,,
0b34d73f2ee84f7f3d038bb25ca8341e6cd5b9ece2d441670ef614676e4d8485,present,,,,,,,,,,,,,,,,,,
6baed67fcab64d3a2f60ce4d52c5ce9b42c3f31a382369de3cbf0d8d0fe58f2f,,present,dominant,present,present,present,conflict,conflict,conflict,,,conflict,,,,conflict,,,
0e408ae98c60d656813ed7a355baf530789c01119927ca24bd427d024a1cfab4,,,,,,,,,,,,conflict,conflict,,conflict,,,,
7a1ee426647e2f6d6a82ded700d94764289ab3d135e528bb139f7e1ba92c38ae,present,,conflict,,,,,,,,,,,,,,,,
fe94e97f2d2f67902f71006792e4935f3234d6ce12902ff19e5056821f33a830,,,,,,,,,,,,,,,conflict,,,,
c3752b0bac2dc0dce05c0e34ee25c4b3915260a9a0d9dc175ae952d9fd92c206,,present,,,,,,,,,,,,,,,,,
2ba9a60e87073b6b71ceb76f193d9e1621d5dbc188ca472b1ead8319033f6d18,,,,,,,,,,,,,,conflict,,,,,
d964981d4e44f4e5784d25267723fb2460cb3a552ae8ccaff5262ecec22e7009,,,present,,,,present,present,,,,,,conflict,,,,,
2453801fa2e9205d77e16e1b5a7b7d12e744b6dfb5ec562278bfee8f446b0a3c,,,present,,present,,,,,,,,,conflict,,,,,
73da1cd553f8a816689fc0fd51c03eaf2b5b000234e1ceb316fb7153dd72fc0b,,,,present,,,,,,,,conflict,,conflict,conflict,,,,
df8db5ebbe4c6dd0859eea55fdeefae8f7e2be72cd0ece5b7197c6f84395a3b4,,,,present,,,conflict,,,,,,,,,,,,
1ad26a9f28062581c5e39b4b6f8c23aa54e87f42b69581b8a678e07e8567bc00,present,,,,,,,conflict,,,,conflict,,,,conflict,,,
5568f82ac001ca7c1ab72ecda9db92358e134112e4392d39a5e1d3e875b5afff,present,,,,present,,,,,present,,,,,,present,,,
07c046a67be727c8a4f688a7f113ebfa5eecafefb7cf7988046da946a567f1c7,,,,,,,,conflict,,,,conflict,,,,,,,
33d0d3cd6aaede05ec41585f941d17100060cb2fa15ef9543f9fd72b16b61a50,,,,,present,,,conflict,conflict,,,,,,,,,,
295e665e79e7626524d707104ecf1dec00fa5f9ccf3f574606cb9dbf6c3a99da,,dominant,,present,,,,,,,,,,,,present,,,
64d9c36d9cc92b2a361e321ec9a33a3c02f7732b2533aff24eeabcc247393a7b,,,present,,present,,,,,,,,,,,,,,
dd845b1451b0e79fc2e23eb70297ab3d7296eccb492e1fe297d466a22182042b,,,present,,present,,,,,,,,,,,present,,,
8a764de69bc78e8bf3bae52dd03b69e7cdba2688deeacf17406decb25e114242,,conflict,,,,,,,conflict,,,,,,,,,,
b46eceef0391e278c163363dba7128bdfab954d1e1a7ad78c4332da0c2666d85,,,present,,present,,present,,,,,,,,,present,,,
8da730fa012ecb98bec6b09544055be898d018f4bc3af82ecb41bfa93bbcd5dd,,,,,,conflict,present,,,,,,,conflict,,,,,
74b9ad4b0ffc8c76a009e7fcba38f86a880dba5aa82617979b12401c41a0e430,,,,,,,,,,,,conflict,,conflict,conflict,,,,
d2e219d07940f216bb097fbcefe6225feebe67da46056d842b2b2222c2b4e917,,,present,present,,,,,,,,,,conflict,,,,,
c7ec75fa52cb07e78866df119647dad7f958e6c3366005acb2adadea2f94f1c8,,,,present,,,,,,,,present,,,,present,,,
27e31a2023ae6f09c84d4bd24344d30896098bb8589c08687622ea70e4dfc830,,,,,,,,conflict,,,,,,conflict,,present,,,
fe5c2ec3e8ea7cc7447b51c1a8929bff29e06bb9f8e5cc1115be2a5f903a4a19,,,,,,present,,,,,,present,,conflict,,,,,
84d0314fdc628d4710ff1d9b7f9dfbc5f4b54183e1d5db457d67eb80038f8150,,,,present,,,,,,,,conflict,,conflict,,,,,
acf3fe2669dc5c5b5f5d1883978e93b0c73267692f800c0a3078d3dd3ce0c3c1,,,,present,,,,,conflict,,,,,conflict,,,,,
b4bcbd9a937f0b8cd0ec4904a5bc29ddc58aa3c118e1e8a1620b14e856fd7d14,,conflict,,present,,,,,conflict,,,,,conflict,,,,,
030ecf58cf8a2be8cf5ad7f4466c31cb264e64520454f7a75ec543554676bec7,,,,present,,,present,,,,,,,conflict,,,,,
16396122bef4560b5f24d705d2218a49d8ead215f148169c7a32577e8209b439,,,,present,present,,,,,,,,,present,present,present,,,
2922a11c129ca25edcbcf53233977da97fa868ddf1c9b2fdc26c9db6f8f5a491,,,dominant,present,present,dominant,,,,,,,,conflict,,,,,
cce28234de6c54650348cbebc89c06d085333163db26d8966f2caa7c6178ae28,,present,,dominant,,,,,,,,,,,,,,,
7362d2f9209e3be485cdd35d82ce59f491018284a3ba6fefb971286d68259999,,,,,,present,,conflict,,,,,,,present,,,,
26f2c7bf3dbbd490a625e236bee5576cc46ab86afc4e4ab0715f56dd665f1d8d,,,,,,,,conflict,,,,,,,,,,,
be2671a9798015413b38a88e15a988cb4a99aa4289bb891e5801ac51f7aebeff,,,,present,,present,,,,,,,,conflict,,,,,
4615ada0924ca191ba4854042a5e3cff8e68642a7d732257bc0b0270ce85834c,conflict,,present,,,,,,,,,,,,,present,,,
f1b714e1157200ad752b59fc52ff5bcbfec3020950a181c99fe6ad1b4616e6cf,present,,,,,,,present,,,present,,,,,,,,
6d3b3ec694104eba780dcada7f0fc5464e7dddfce82b403bce33a807f28a4ddd,present,present,,,,,,,present,,,,,,,dominant,,present,
77d14cf3d45d8eddc355989c9154c0eeadade2a992969a89f897ded6e8aaf605,present,present,present,,,,,,,present,,present,,,present,,,,
e741579bd08f99d0d41530d3a5335708dc2434584583e73f43ced22cbe479d77,,,,present,,,,,,,,,,,present,,,,
aad79d7f4e04ef6f79c4f0270aa167d218d66ee165a95beef8c4550277ad912f,present,,present,,dominant,present,dominant,conflict,conflict,,,,,,conflict,,,,
125e13fb26af6630feb6994cdcc0ee46a05b8578d4a149cf706b4697dd060884,,,,,,dominant,present,,,,,,,present,,present,,,
8329c400f7ac6daf27143b3a6c9129bb61ca235042506337b0bdeb83ee926c84,,,present,,present,,,,,,,,,,,,,,
4271713b5c8d5e1c610c20d7d1378b6deb9dea3796dfaecff23a1b9e067e42dd,,present,,,present,,,,conflict,,,,,,present,,,,
d50071a4a059ede5eef11823fc0aa22e83c9bf14776450d71ccb332741e1dce4,present,,,,dominant,dominant,,,,,,,,,,present,,,
7fb7ebd51f8acd34fda32773afb9bf27ea07309039b6bde72f80b8c621c45440,,,,,present,,,,conflict,,,conflict,,,,,,,
599ca846f6ca3d2e6bae93b27540afec84e684c48c988bc8b7354692bd1bc166,dominant,,,,dominant,present,,,,,,,,,,,,,
250e8c88a6732dddbf365623b9475be20fbc4d3a9a37a533de6f314c622486db,,,,,,present,,,,,,,,,,present,,,
61f4f32cda9f32590ff46de40fcfb776cd55335f1f55745713b1d15c461b974b,,dominant,,,present,,,,,,,,,,present,present,,,
97b8cfe863b9924f6d7c89b455b55cd5caeb9e728d0090c0426363a15b459382,present,,present,,present,,,,,,,present,,,,present,,,
20836c5d9419566f8817f8ea78208390c28ed4c8b6f301d0dfe4ce0176523ebc,present,,,present,,present,,,,,,present,,present,present,dominant,,,
40e5c4795173545944f7c4918029f3aea3e889069d25b133ed50ff6ae9f1ac2a,,,,,present,,,,present,,present,,,,,,,,
2d07f26cc74350244facd0d673281edf161e0d19a514a64b91fe5d0480d1513a,present,,,present,,present,,,,,,,,,,,,,
640f7e68d559e6dabdc07442694365226d57be7301a093b07c8a346cace86017,dominant,,present,,,,,,conflict,,,,,,,present,,,
0eb372a43b9eaadd170f8ab3cfa694217d7bd872161ea65f0007a81b37d74fed,present,present,present,present,,,,,,,,present,,,,,,,
e39571eb25fbf41ca41f87e38dd15d127da67eeb4406ddd29166cd7e28d45086,,,present,,,present,,,present,,,,,,present,,,,
ad149ddaa8cc273dd16072be23619f0fb8a2206609108bf875c318330ca070d2,,,,conflict,,,,,,,,,,present,,,,,
212c99e90e810127593c620234d0ee76014b55804ff0d49ce260636db66b9dad,,,,,,,,conflict,,,,,,present,,,,present,
c08107f9de1b7b9c9aa3039f8744e2095dd1b3ae28fdf1dc0537e0559b6893c5,,,,,dominant,,,,,,,,,,present,,,,
703cbda0703b35dbd83fb9546fe1c1de9710ab1c49d9f6fe7b6bd30d71df485a,,,,,dominant,present,,present,,,,,,,,conflict,,,
fb3d3e2f9d09c125982729b1b10a0c6f2be92da4c6766630d30db950bff55801,,present,,,present,,,,,,,,,,present,,,,
725af4e916642bb86e33b8a222ce097765bc0f0d06d2bf7a1fbff46556e545e4,,,present,,dominant,,,,,,,,,,,,,,
02055cc4f36626715f94655bb182eaef5985943d8e2311c29712b351e7a2ad63,,present,,,present,,present,,,,conflict,conflict,,,,,,,
158aad70e564977155a6c2134c42609363bf38252bab381787a29496f5c04e5b,,,,,present,,,,,,,,,,,,,,
0665a8805932f8611844e5e12642c1c119b5c20062ea42c098725e2ba4d63cb2,,,,,dominant,,,,,,,,,,,,,,
9da2d739681584d419ba4a98377338d90db27267e302bcce31b8c8f16646c546,,,,,,,,,,,,,,,present,,,,
10677d0443dd63dd3fac4b13c4986f7b40841429afefe91ff70648fe5b09d816,,dominant,present,,dominant,present,,,,,,,,,,present,,,
4887f1f54855a6be31868704acd056ae5ad59749c2bb4dab922f6ff7920b0832,,,,,dominant,present,present,,,,,,,,,,,,
0c98a8e3dd7d70f1e0b23d038b441bf3e7bdf360c21daea5f413ff7dc720fc75,,,present,,present,,,,,,,,dominant,present,,dominant,,,
f760e9ff77b652dc264564514f36b93c12bf787a18f92a6efc66591a59defa7c,,,present,,dominant,dominant,present,,,,,,,conflict,conflict,,,,
30015bfafcf9430d02d5e0c12295d0e81e327acdf83cedcdd1530fb24e52395b,,,,dominant,present,dominant,,,,,,,,present,,,,,
6b545e1dc1b6e926e9e5a522e6251637553eb0ce2ac06922f7a6fce62c4a96de,,,,,present,,,,,,,,,,,,,,
550119b51c11009eb3072312620f84206ea87797bce4fcaef868b922d0498568,,,,,present,,,present,present,,,,,,,,,,
c438384822d0ae891935ed64fb3a4290dd8f8d8e530a0eefb1fab71a00dfa48d,,present,,,present,,,present,,,,,,present,,,,,
ce7f4475683d09efdafc76f4c3f756626d69a31e61b09a857a2d7681ff83e6ff,,,,,,present,present,,,,,,,,,,,,
7ced9adfdd02f78681a624e02f50c125d0f274828b67fa048fc3344393a2a1b1,,,,,,,,,,,,present,,,present,present,,,
51ab7e0ad7933cc2ddee2fdba7d6dd36363cbd77c336270d2b9d03f11b8a0546,,,,,conflict,present,,,,,,,,,,,,,
d073bdcf521e7321e1acfc6a0850bcf79b7118f6c664e677c7374b2bd3579d0d,,,,,,,present,,conflict,,,conflict,,,conflict,conflict,,,
c5f7cba51cfc9503ded6ed654e8e92e0aaabb5e5cf6e2a55e33a5fdc65646eb9,,,,present,,,,,,,,conflict,,,,,,,
1ad90aad1fb921f5a220c020dcb51506ef662700d88b32c726e5e631a389543e,present,present,,dominant,,,,,,,,present,,,,,,,
81336922578f8251bb8e57e7bb3d7acadf2ee48b5ea31ebce6d3d7c130ee6f74,,,,present,,,,,,,,,,,present,present,,,
6d89cc48b2eca64c025e8cd997938a362355714c0a6bb43981093a8f742ac444,,present,,present,,,,,,,,,,,,,,,
4f72ef7e5065d34e34e2ebcd97dd038794f67ffa3f14304af3fa469200a9a4c1,,present,present,,,,,,,,,,,,present,,,,
b2361ac51a6aa2c1863d8346c6cd69d9c4a98deb25509182576656e9bc35ecc3,present,present,present,present,,,,,,,,,,,,conflict,,,
e9a73678de3e1b4777a9efc622eb49d1135f71765556358057c08297ced4d92e,present,,,,,,present,,,,,,,,present,present,,,
6a81c1cb3e960f5160ea6785333bf052996d750e15e27c19c5de5db5017c1637,conflict,,present,,,,,,,,,present,,,,,,,
3cf028c9af7a0704a6e9697132420b9f2d652bc5ca940d1775ae798606f56726,present,present,present,,,,,,,,,,,,present,,,,
7c6068e29a99de3281a6c4396e1ab67af54f1e2c217e539daecead7498a12b6d,,,present,present,,,,,present,,,,,conflict,,,,,
538a6122e7b5ff0b5a96691c33cc90ac37358de5e4ab4f0f65d149e515a83702,,present,,,,,,,,,,present,,,,present,,,
1f26976d2fc64b205f0d1d943a04860da128b16bea096eba6eb658e1a43c708c,,,,,,,conflict,,,,,present,,present,,,,,
8325a1bd16ff72c0673d138cfef8fa071656addca7e7ed2734e85014ccaab4ad,,,,,present,,,,,,,,,,,,,,
ffa09804871f8b0535670eba3e717576220f63daa10cf4bc37a942454da87192,,,,,,present,present,,,,,present,,,dominant,,,,
b63031a77d6c5c45d63e6fdf5ab1a4fb310893e4c003674cfe6ec2ff8e27e5aa,,present,,,,,,,,,,present,,,,conflict,,,
f8191bb3b9d3e6a0e55fced175f0cac6d4a7a8273416525435ee02c2bc83ef2c,,,,present,,,,,,,,,present,,present,present,,,
cc2fa546466b3eca3dd663cbdfb87907eea94b10a00d35a98ff5a9b08991cddd,,,,,,,,,,,,present,,conflict,present,,,,
c0c1dc2a8fbe9300e821e52ed6846d22e1dd8ad553d486734444801c4fc0f446,,,,,,,present,,,,,,,conflict,,,,,
a8d42f7d8e83837619742e0a161bc96a5ce4e3ff356cfed211959c9499015d65,present,present,,,,,,,,,,,conflict,,,,,,
7d768d60ab18875a0ab1048283993590c096080b784396746ab9e2456b6dcf46,,,,,dominant,,present,dominant,conflict,conflict,,,,conflict,,conflict,,,
eaf0d1cf24d9f5633ba1ba7c593a215d9f2cfe711468cd14f63842397b2d5f9b,,present,present,,,present,present,,,,,,,,,,,,
c1076df8a59c1fa233ec36483e8c174e4d89830bb6f73ed1ac89fdb141bf4b0f,,,present,,present,,dominant,,,,,,,conflict,,,,,
7a31cdd2b789102b47a40ca0060cea8c0a32f5366ddf7471bc4cbad901377431,,present,present,,present,present,,,,,,,,,,,,,
0797f3577b5eee9da8f6b08fb9ed9a8f663a83d720ede4aff0b75b0c5fd90a53,,,,present,,,,,,,,,,,,conflict,,,
24ffa766a2a5de3a325fb6be23b74c5abe74bddf3201d87d7b02ae4a3005ce6f,,present,,,,,,,present,,,,,,,,,,
d6f82053c2d48cefa80bf5b4494889fd5ded3e0b97eb6f907ee0ae11a8b88e14,,,,,present,,,,present,,,,,,,present,,,
446190bc25e19483e9e288c0f2d8f2ae764eb2ca7dee9a299a4e48e619e3f566,,,,,dominant,,dominant,,,,,conflict,,conflict,,,,,
5a6f12783a53654dc58cd04c59da8983a76830e9492e72bbd1296a9180f3951c,,,,,,,present,,,,,,,,,conflict,,,
62d26db8b1e317aabf12a50d9ab312ee6527d42bd44fa8f8da7afbd0909c3bf7,,,,,present,,,,conflict,,,,,,,,,,
a80fc201a59ddbaaeed6fad7c56afb6a904b54285466d36e8f3f0a749c9234af,present,,,,dominant,,present,,present,,,conflict,,,,present,,,
846301b2ce8fc53cd40ade589c5d2376cfc300b1c7504bf449c68e6fd171c90a,,,,,,,,conflict,,,,conflict,,,,conflict,,,
2edffefa8b75d478a6f1e0b1da8c0fd02326c061666ce462a9742fae321291af,present,,,,,,,,,,,conflict,,,,present,,,
fe73d7159255abc45331503096b6adfcf2a880c4b8fd588afbda334312aae5dd,,dominant,,,conflict,,,,,,,,,,,,,,
2bee9781cab36c1ef5175dcd229574c6d6df3bdadb3fe78b4a89d6a1b79aeb7f,present,,present,present,,,present,,,,,,,,,,,,
fdba4bee4b77d037c2090693e5d3fc3d6b1cb34a61e3b3a8ab94add8f9aa9a0c,,,,,dominant,,,,,,,,,,present,,,,
eeea657ece87cfda3da8f1581c238900ec80d0efa11ba2902e92a25be47f4279,dominant,,,present,,,,,,,,,,conflict,,,,,
ec8958c5f37862ae0be2d3bd6dda869ada60c3cfd1d58eb5e0648a6b25a57a83,,present,,present,,present,,,present,,,,,conflict,,,,,
b646b2fef1c65092a504bcdf3358abaf55e7f6c14d03e3e1397b2ebdfe024ae4,present,,present,dominant,,dominant,,,,,,,,,,,,,
e4ff32cd2ccc201e7cbb4e8108f24e833f2052aeef311b60f87d164690436616,,present,present,,present,,,,,,,,,,,,,,
3fc9b1ddc4c96abf947b19fa7598571aed25ab20ce2ab1a067e6527f495b5435,,,,,,,conflict,dominant,,,,present,,,,conflict,,,
814ba35a214b1126626dd0148a459d3cc6221490f8e096cdd2e7c8f16a0c9d07,,,,,present,conflict,,,,,,,,,,,,,
0977e0df1570da156efecebef1ad835e49c98eadc755d8cfcde09e58c8e95c46,,,,,,,present,,,,,conflict,,,conflict,conflict,,,
577299b109f1113a72db96a3f2c768017667499fffec92e107ced6df5e9bfb45,,,,,,,,,,,,,,,,dominant,,present,
5fe25adf16997fb47f2677cd48fb7fd7aef08a3fe019aa15ac3d061df804d578,,present,present,present,dominant,,,,conflict,,,,,,,,,,
bb38928c03312cb876c4d66dcf068b1d6863945640976b2bc784582fcdca7d8c,,,,,,,,,,,,,present,present,present,dominant,,,
d409f1cac4258283cb7c66851fefc1ffc51f758ddf53f151846b791fb318db25,,,present,,present,present,,,,,,,,dominant,,dominant,,present,
dcdd4e058b3e0da1b5b557b2c78e9658740bef6891ba9e7791f1c46c603d5ffc,,present,present,,,present,,,,,,,,present,,dominant,,,
8e8dddb1905432c3594b52b634c57a2938ef14386e36c912e32d29b19e989c16,,,present,,dominant,,,,,,,,,conflict,present,,,,
8e1970b0dba454db6b3f53d4debbd9db2dde59a6dfcfb97f5608f3b4be79d06b,,dominant,,,present,dominant,,,,,,,dominant,,,dominant,,,
6cff082fbfde66b04bd831e1cba5997c31453bb50b6c3db1eb46d776d540ea6b,,,,,present,present,,,,,,,,,,,,,
bb0ba56f20cad63193f4f83ff3916a6ac7825ed4d9efa50b5ef9f54df61de0e7,,,dominant,present,present,,,,,,,,,,present,,,,
683e34f926a175ca8d9111f0d7fb197eb35ebb545b8c2bc4c3c6ea8faa06e71f,,,,,present,conflict,conflict,,,,,,,,,,,,
a04158765a7f37628cdc929c3079a59255d5ff0d03ed67ac5abbfa9ecde4645f,,,,,,,,,,,,present,,,present,present,,,
182af80784ecb972668f99d54a71cef6cb62b3673e9f067c7113bdd6a8cfbc72,,present,,present,,present,dominant,conflict,,,,conflict,,conflict,conflict,,,,
5e9e940a24652b96d18151e19846ec17f4faf9847b23f713a27e9a9458900896,,,,,dominant,,,,,,,,,present,,,,,
33fc3698ed155b246a5641a1a814d6f0f12d9e7e49ac8554d379cc42a634f93e,present,conflict,present,,,,,,,,,,,,,,,,
a8caefe2d13977b450a8c608cfbf245de1896582e559175441626b4426309779,,,,,dominant,present,,,,,,,,,,,,,
3e0ba7cfa2c40b740213abad545414a1cddcf9424f91de5ce2a2abf77307d0dc,,,,,present,,,,,,,,,,present,present,,,
060e2304ba79525113317948bcd3af1b316e3e1292fcc35260244f917430df5d,,present,,,dominant,,present,present,,,,conflict,conflict,,,present,,,present
40d25238559e17d7f210f17942e27e5fd9455f98a3dc2dafc042205fc8b479b6,present,present,present,,present,,,,,,,,,,,,,,
d802d7bd94866fe7f54df3aa4c76cb561c53e858b3369fbb6e32fac6cad92a7c,present,present,,,,,,,,,,,,,,present,,,
6d6c0dabe2decff91e498cfabb919b685fe80eb760a7fe8afe79654209d3484c,present,,,,,,,,conflict,,,,,,,present,,,
a37d9922d9d0cba21c7c3d554b8f4708791747fa9199604db01f3a61fc283dd6,,dominant,present,,,,,,,,,,,present,,,,,
44e32991216d02dfc3c4fd6456e942fac7923aec743e2a7af0bd73900f37bbac,,present,,dominant,,,,,,,,,,,,present,,,
43d4c915c6af20a437a633b4a76370744bd5f35417a7c75bc9ff2ef4f4c28c21,,present,,,present,,,,,,,,,,,present,,,
30bb859ea3c2933986f28427025d63e8f4e1b19978f741dd2239ab77e12d652a,,present,,,,,,,,,,,,,,present,,,
71775528e10f797a2ce0b3ff71801d71b25e6556f15da72557d02ae21edb8bfb,dominant,,,,present,,,,,,,,,,present,,,,
b080a3da8183442e9192f87c7639a17c46ce1e0f1719941131269b9096088051,,,,present,present,,,,,,,,,present,present,present,,,
d6de0aeb3c7db6e486d51472d16fdee575a1dd1c5cd4e70cb4dc3dfc6d59f862,present,,,,,,,,conflict,,,,,,,,,,
0735427e32310b7d004355c42bdf3ce9ca3a6982f370c084d8187df4ac3e4f3a,present,present,present,,,,present,,,,,,,,,,,,
63764a5056e3dfa77dc2bd62aaa0eec5048804b463e3a43ef64998af3ae736e6,,present,,,,,,,conflict,,,,,,,,,,
417402898da893f22012dc7fe435a6e99951547aa674e46bb7241fad946f6830,,,,,,,present,,conflict,,,,,,,conflict,,,
45a918671cbd580821b042f91ea3c1da942cc19b124ae362135b2574fd467849,,dominant,,,present,,,,,,,,,,,,,,
3a62f1cb27527c86fbab298b67fd1d9d5bc771812d6d778055940324f49c31c3,,present,present,,present,,,,conflict,,,,,present,,,,,
472ee8645e12e5d01a3b86751226e452c12911a4a18a84efa6472dd69568c540,,present,dominant,,present,,,,conflict,,,,,,,,,,
c8ace1b8243d78736dd9af2ec8824cfb30dacc683311bcdee9a3b4693ea59ad1,,present,,,present,,,,conflict,,,,,,,,,,
78d36f415007a615cd6728ed85d3cdc3c1b78bada723939ce479001f137f27d6,,,,,present,,dominant,,,,,,,,,,,,
6cd85a20ff257b7a6d5bea17d8c48a4e9447fbeba58c893ee220411e57f37967,,present,present,,,,,,,,,,,,,,,,
5e9922dd2b90ab0272d3ac5334eb3c5c78a1f29f234138f90de8d359fe106bf6,present,dominant,present,present,present,,,,conflict,,,,,,,present,,,
63bb45e4ec726ec33cc112153befd091ace7951783a4e9f530e87eb621def53f,,present,,present,present,,,present,,,,conflict,,,,,,,
42d05c2c5a13d9c61f77ba74572c60149bb335f8f23ec91a3465cff2fb3c8f93,,,,,,,,,,,,present,,,,,,,
9eae9417bfecb65ce18d7f7cf9bb65b543ca6dbe939a347ed5575c483a4996eb,,conflict,,present,,,conflict,,conflict,,,,,,,,,,
0cadfebfea031327994c24a0bd3e1fc8d880157811e0aafd433f20ee58449b61,,,,present,,,conflict,,,,,present,,,dominant,present,,,
ae35a4094c0a1bda5874fd87eada84dfe46b882127278b14206c7a31ff170820,,,,present,present,,,,,,,,,,,,,,
6c0b87aaaa60e23457d0354a6fff5ec1f860e6ff2834166c8650cfb58a36159f,present,,,,present,,,,,,,,,,,,,,
2ec311c7c75a930e0772981cd4f3d534908bc46ce84c29c444232e2412630488,,,present,present,,,conflict,,,,,,,,,present,,,
78b1b226168d8f2eca73d2b02bc8a8e577a75d326b753dc5dea5784bcfb8287a,,,,,,,conflict,conflict,,,,present,,,,conflict,,,
8225b4d94f162ba1b7851992b5b322bc532e4ede97f11fb10fcf2fd4898f9981,,conflict,,,,,conflict,conflict,conflict,,,conflict,,,conflict,present,,,
ab48532db534faccc92ee7479adac2c81c1cd5e2652c5fbd8e42e5ffdd8ee2e0,,,,,dominant,,,,,,conflict,,,,conflict,,,,
cf81d7756e9ea68d947f591ad38040ead3bb1396e9e05baf4e3d88cca5f92021,,,,,,,,conflict,,,,,,,present,present,,,
4e896dadc30a2a0349a3776d35ef3b90a6385840ffcbc29704826ce6c6845293,,conflict,,,present,,conflict,,,,,,,,,present,,,
58d002ce492bdf1d0723d28899f75e26ec423bd1eee4459c40dc6fe46196015e,,,,,,,present,,conflict,,,,dominant,,,,,,
4b31dc958f6399b33d87f742cb899a2dbb9001b8628c6267afe723e3aca79a74,,,present,present,,,,,,,,,,,,,,,
1c7549bf2948a28a7b499468010480f0b386f6fb53d72c77046bcb5829714ad1,,,,conflict,,,,,,,,present,,,,,,,
a78114d3b3ad02b75ba3c1ad90c7fd7388749b7b72ce5b6e94fc92d60ef6c654,,,,,,,,,,,conflict,,,,,present,,,
c3b1df68d9f9988a79df7727aa0f9f2b2ce8950e1e305b6043e5dcc62b145b52,,,,,,,present,,,,,,,,,present,,,
30e3f04a480ca53893e84c51f5325eec2ac72565402a55105266df7f930d6300,,,,,,,present,,,,,conflict,,,,conflict,,,
25866426769f540db2ccc6a44c92a203800abef926781d5a1eb02ba1d08b85fe,,present,,,,,present,,conflict,conflict,,,present,,,conflict,,,
283099cabc75fd3cd3501161f73ddb82c88fd38c6bfd1e87306601c8142a6fc7,,,,,,,present,,,,,,,,conflict,conflict,,,
f660239ac566455ee287b21e85e84ba40fa21a863f56127d273cdee42c3ba43c,,,present,,,,,,,,,,,,,dominant,,,
848d37c69d30ef285da48b13d24e26b8287f2c999ff8f871a229f9b0c82f8a5c,present,,,present,present,,,,,,,,,conflict,,,,,
fbb85fcc3b02b714d2920e454b7113077467d0238426f839a16eb0295592f92b,,conflict,,,,,,conflict,,,,dominant,,,present,present,,,
7e0fd0f9cb0f9aa0b82425e0116e5878928ab2a66dd00f52f18376c8b6fbb4ec,,,,,,,,,,,,,present,,present,,,,
aa1d37e3adfef1fc3b66ab1f455f236b145a661cc030ab8a7c0da2f9a83bb8f4,,present,,,,,,,,,,,,,,present,,,
27644dd1da66608bb150ad09f1c3a6211192b065395d6ed2993a2dcd201c5bb0,conflict,,,,,,,,,,,,,,,present,,,
ddb0a80da83e7c8127c98ccc34097d0f58298a597d9ebfa2b68579526c36b5fe,,,,present,,present,,,,,,,dominant,conflict,,,,,
75d8ee9bea85b575748002601950ee4b114b7658a01e3ec89042d809c967c480,,,,,,,,,,,,,,present,,dominant,,,
fba73b3d6be1a6e414a475ce5d52d0b850cc9a6302cdc0c8f0704fbd78949562,,,present,,,,,,,,,present,,,,present,,,
9f20df448568b58ebcd3e1f45f68230f2d844b91ac6dc53204b61da096df0888,,,,,,,,,,,,conflict,,,,,,,
9d6f876051893a52cdcc5ee15451eaaeb2d04ccf8b61a0497f13c1682eb37507,,present,,,dominant,,,,,,,,,,,,,,
0339c0e3347cd9700dbcbe93dc53e13279cd90f02c34b17ffcc653bc47b3d923,dominant,,present,,present,,,dominant,,,,,,,,,,,
a6c4d23c56bd3141b3a03ec431f0caaf0deba0c1ea11f1b436667217ce3c069b,present,,present,,,,,,,,,,,,,,,,
fb111d9635415d46baee43ecec69b327bbfbd856c6b876911b621e51816d4f54,,present,,,present,,,,,,,,,,,,,,
f0b67e0d89292b9d55e40eb9bdf4f630fd4bce71a5aa7786e4deffdf46d9fddc,present,,,,present,,,,,,,,,,,,,,
4a8432d10dc37e1b00d3bd17e98e3dc4b6a1396f93d2ee3aaa15ec0c201700ce,present,,,,,,,,,,,,,conflict,,present,,,
e39d4f432fb438175ec1f62a79e8cc1ff207667dff6c1729244bf4ad2b3f9b5e,present,,,,dominant,,,,,,,,,,,,,,
46d69bf9af3973b905eb006acdfaa0d64c547f2c44766032b3972be596d7db95,,,,,,,,,,,,,,,present,,,,
a8de392b63ebeb0b13209d65b91014c1966c9322f751f5c78f8f3574180fa7c1,present,dominant,present,,present,,,,,,,,,,,present,,,
1b17665e741f765094c1e21f80028b0316ae01fd267d35524899a01cc749b084,,,present,,conflict,,,,,,,,,,,,,,
e234185e4f39ddb3df5abd98d40395ce537895d527f183448cbbbede9b27f3e9,,,present,,conflict,,conflict,conflict,,,,,,,,,,,
b36fb30ef481bf695d40525b035566a963a79b019b7af745ae8176c8c2d2ea0b,,,,,,present,,conflict,,,,,,,,conflict,,,
db92c6ee724c2660dfe760339326c64e0cfffdbd89946922d79692026605c596,present,,,,dominant,,present,,,,,,,,,,,,
ab0a63bdaff21bd75a82edba09c1c92ef4fa70d29df247d29cc8f0ef5cac45b9,,,,,,,,conflict,,,,conflict,,,,conflict,,,
4442428072c6a1635f03128fb824c1031a4920213c93404e4cc9fe87d143f14c,,,,,,,,present,,,,,,conflict,,conflict,,,
c441f9ed535b297fb69734745aa52a09875e730fd78e6d181420380322615499,,,,,dominant,,,,,,,,,,,,,,
73e3900d2ed7afb79542b18d4e8fe479135419554e42d1bb8d23ae5c4ced49cd,,,,present,present,,present,,,,,,,,,,,,
8489d39ed276f4388277ef23857e0d0a7fb788e5c9f5ad2f900d718878a8ab89,,,,,,,,,,,,,,,,,,,
0dd0c05147806536399fbf4fd732acfdd16287d5a20bae392099522296a86d1b,,,,,,,present,,,,dominant,,,,conflict,,,,
b395f0245f8afa11fb04485ccc4ffa9f1463d1dab49ddf0051b6cf6ac19655a7,,,,,conflict,,,,,,,present,,,,,,,
9fe4c77d036d67d3da89ba38641222601f078127daa4a2a115c4c3d40c177b02,,,,,present,,present,,,,,,,conflict,,,,,
6c71d9e5e7d48184856c62347d9b8c3a012ff30696aeb698f9c9c7c972dc4720,,,,,,dominant,present,,,,,,,conflict,,,,,
25d909c495ef979bff5a81c4b9611020d5f67db15544cac15214453c84e581d6,,,,,,,,dominant,,,,,,,,conflict,,,
70d73e9ce53ae3884ba740c095ed7eaeda7438c6b91f5cb41dd6d4ff78afb1db,present,,,,,,present,dominant,,,,,,conflict,,,,,
c4a729a4891587acc4e0db252c0f6b817969f927768f9aff4fcc04747ffe28b9,,,,,,,,,,,,,,conflict,,conflict,,,
92b942e0ed48eb8e82f322efc0eb11c6eb2274cc34e895735623e3b424f63e9b,,,,dominant,,,present,,,,,,,conflict,,,,,
29f8b1be6b895202c50b47203eaff62ad24ddb7b4e5c812caecba97658df5527,,,,,,present,,,,,,,,conflict,,,,,
b47585e7402407af142298d9c79d3421c9369a9a5e045d3cefb5b3945c1e1a89,,,,,,,,conflict,,,,,,conflict,,,,,
f2985127291fd69ed88d612812a346f41f35d6de5fe7470ec24e0b872f511394,,,,,,,,conflict,,,,,,,,,,,
7f10f82fbf9f8803b3d8bb41e6ec3d2b488394688879f4cf3d0df47637ff35b2,,present,,,,,,,,,,,,conflict,,,,,
b64f5c70340ec6b9420ecc3e8d51379ed413b7b339483e643682a1b1ebda0f9d,,,,,,,,,,,,conflict,,,,conflict,,,
cae1ecd1c32da9ad297d1d2f12934d0dd0eae0b4bbce69c7efd518458af323d9,,,,,present,,,,,,,,,conflict,,,,,
fb871e238b1feec20409cadb5bbd7c8a55912527a3f1662baa3d0757c5879eb8,,,present,,present,present,,,,,,,,conflict,,,,,
85aba422f6a769eabd9e3defe41eec9c7a069101ae45d141322dfd82d232280b,,,,present,present,present,,,,,,,,present,,present,,,
8a7f8d9c6dafe4738b7b7a6a840bb41e2cd40890be08cda467f81728b51dea00,,,present,,present,,,,,,,,,,present,,,,
a29f431098254bcfda230ca894bf4ceaad200389bb3172b396f07ec72fb6f6fe,,,present,present,,,,,,,,,,,,,,,
87651a97952f9dcbc17e0d3f1bbcd6f8da7eaefcddc123dcde40394ed574978f,,present,present,,,,,,,,,,,,present,,,,
a7a6c520211b61e7c4c0dfff285e0a2ea6f4c8a5a5dfa861914aaa0857ed16f4,,,dominant,,dominant,,,,,,,,,conflict,,,,,
166150416db643de0175270ecea14c21b47e79eab38de2d2a5863f27d88891fc,,,,,present,,,,,,,,,,present,,,,
8bdd9cb2e1f911fca3c80b142fba511a3dde0009508f006e1e389cbc29f83971,,present,present,,present,,,,,,,present,,,present,,,,
b56678ea1851435d4fd5f9da16a1eb90fb4ddaa1ba2e7bad81e41669fa3bf45c,,,present,,,present,,,conflict,,,present,,,present,,,,
4cb114856716784abaaf60a16dfc84e2c65be945c0447407c034934eb054aa02,,,present,present,,,,conflict,conflict,,,,,,,,,,
8b84eb85916907e48f37e3a7f9432504b143346ea9d0c98889fb2d7029b9ec76,,,,,,,,,,,,,,,present,,,,
f1d7f82868b4a882db545d3d2acc5d2a2284dde0063be2e68210a97626b6df9c,,,present,,,,present,,,,,,,,,,,,
5b18ae55f43ede401aa4ed7a3e1d5aab0d8168c66511f0da6c2ebcf83563acde,,present,,present,present,,,,,,,,,,present,,,,
bce121e37d2f066136d86977411aaddb441ccb21aba44b211cb0092526badb2d,present,present,present,present,,,,,,conflict,,,,,present,,,,
d6d646a191bf804a72bd57da6851a9432e8c2c0c91e0e099096552196f2fc907,,,,,,present,present,,,,,conflict,,,,,,,
3688630b98c0a05adeea3ea72fc06dab813cedb4a25b2634fa9ddb043948a28e,,,present,present,present,,,,,,,,,,present,,,,
20b372a188c93fb99466dc4656cdb3d909276d765ab1554dd8ce2051c3b2c0f5,,,,,present,,,,conflict,,,,,,,present,,,
b640018b9bc5760dd972bb3c974fab92f9e7500e18df235820af74018f8e5f27,,,,,,present,,,,,,,,,present,,,,
2e415e4fa24dbfed890d3dd7dbc85da31c15036058601727cda16e930dca31b6,,,,,,,,conflict,conflict,,,,,,,present,,,
9f1e507b71c93ed422324223d95b0f62278af53da63f68fb004ab03afc68759f,,present,present,present,,,present,,present,,conflict,,,,,,,,
0bbe357dc865d89a7f5d22597aaf398eaa20ee210363f1650f172b36d81100e5,,,,present,,,present,,,,,present,,,,dominant,,,
5c6b69c673f954a7099a50f985a7580e15c8837d78f4b655cee655f57d1acdb5,,present,present,,,,,,,,,,,conflict,,present,,,
c5f64c8d64a2e231cce70db452d42f3fa4353e67bb712d54aeca6832e5231083,,,,present,,,,,,,,,,present,,present,,,
99e61478365a16f132e5d163b41ec0fe10fc32b2866f823a493ece93ce38aad7,,,,,,,,conflict,,,,,,present,,,,,
33a61eb8d045a522589b92b02315257155667fcf8e88f63148dd2ca7ef5a7944,,,,,,,,,,,,conflict,,,,,,,
e8637d7ffbacf2e4a6b52e5d31d04ec7b1c656600e88d3f87b50d3503ee025b5,present,present,,,,,,,,,,,,,present,present,,,
e7e1d97559ea8c7ddd59e901da8cb424967163c50e374e32f668a53ae118c621,,,,,,,dominant,,,,,,,conflict,,,,,
4e6c921f3ec05710a46f466cb4f2bfbbea362ff8b409b7e688b4af5d79f6d172,,,,,present,present,present,,,,,,,conflict,,conflict,,,
9d47b717d75f6540dcf90ff11a179746da3fedf37534dadc3590afc70f870051,,,,,,,,,,,,conflict,,,,conflict,,,
ef981ecb50ac08d0409c7f1c6a12c21d3ef9779668c96087a6a2319731ca1c7c,,present,,,,,,,present,,,conflict,,,,,,,
f199e7d5b78e4d4487fc5e7883bcc6b2345da34afec4a124386a8cb685929d0b,,present,,,,,conflict,,dominant,,,present,,,,,,,
6edee4ac432bb2405791e24f1d6017785ff270e95ef6eebb6bbe0b68c78c5a6a,,present,,,,,,,present,,,,,,,,,,
037bea05db239b5c3aabd1296c8ddf531075b7437f7dc383ed96359bfdea3c11,,,,,,,,conflict,dominant,,,,,,,,,,
b78ce77009d6f1a1939f7035eb635dc402413e60a56a50ec9396df8ede77e752,,,,,present,,,,dominant,,,,,,present,,,,
736d3eeaa5a6fe92fbc14bea573d01d841a302ee2fad2e9b182d23b9791c349f,,present,,,present,,,present,,,,present,,,,,,,
22712da524b78feffc583cd435d96ee3b619252d8456f816167530a2f965e6cc,,,,present,,,,,present,,,,,,,present,,,
e64aac6a7d6677dc5321470acb2c24eea91cc5970596b4539b3e5dfff3ae75b7,present,present,,,present,,,,,,,conflict,,,conflict,,,,
035da9ee00dffbd1529de2747a33430fe7a4f4a54c7c866358c2ddd22a460f67,,,,,,,,,conflict,,,,,,,present,,,
b34ee75ebf55e8ba260ff3c051665e04273bf1bef009a05409f7cee9a5a6077b,,,,,present,,,,conflict,,,,,,,,,,
d93862106f3cfe9794ce77003aad4fed021a0cc381f2aa90ae373be970afea41,,,,dominant,,present,,,,,,,,,,present,,,
0b50f21a404b08fe02ac8cbc428b9521a6435de4c6a1006c0d86c811fc2bfde3,,,,,,,,,conflict,,,,,,conflict,conflict,,,
7ca3f6ad98b593f920f921d766a01dc0d0ad0b202425412aaefb2f02b17e0f87,,,,,,,,conflict,conflict,,,present,,,,dominant,,,
bc9023234de621611e2796207f30ac41993ee29f563d3fd2d1ce77e07c2412de,,,,,,,present,,,,,,,conflict,,conflict,,,
67336a5476d33f36346a1bf9d4e6fb3ae8c4c66cca7d3f7b33dc019decf8c7bb,,present,,,,,,,,conflict,,,,conflict,present,,,,
6560580893cdcb6a63f76377ac50f9c31fb3b1d40e1867bf2899f32dc7244e02,,,,,,,conflict,,conflict,,,,,,,,,,
720ef4698dfe8437cd0f27650c1aea255b5b4843c80077a8103a01b2ec140968,,,present,present,,,,,,,,,,,,,,,present
a171198b99200820224909ba14013df6e23c8a31d17628a83d2d5b5eda2abd0d,,,,,conflict,,,,,,,conflict,,conflict,,,,,
8521dc32eff17dc78b0c6b33552b5526ef5dfbb2d22e5dc848dd85550b3b87cc,,present,,present,,,present,present,conflict,conflict,conflict,,,,,conflict,,,
9fde7b9a52838f92b108779b7fdcefd5cf340796832ee6d9257f7aa5c5dd21bc,present,,,,,,,,present,,,conflict,,conflict,,,,,
a48b81604711612611c1667225f0731e0eeeb22b43b39c670abc612cbf035e34,present,,,,dominant,,,,,,,,,,,,,,
ebb078ce16d93b2e451a2735cb7055ea6aac93836678ee49a67664a8fd2fe332,present,,,,present,,,,,,,,,,conflict,,,,
772774fab2d2b0a4fda2690360f90f133ce36cf50914d75b1dc7b6bde7bd20fb,,,,,,,present,,,,,conflict,,,,conflict,,,
50038ec19a57b0aa6f8b3ab9ad6dcdb6c71428258fedf23d15161dc94649c519,present,,,,,,,,,,,,,present,,present,,,
0298e0175adf003cd2d4d77933f4878d60d678221e4356135e1739de65956f70,,,,,present,,dominant,,,,,conflict,,,,,,,
01e8d134ca770aa83d448f15ae5e9349228c83d1a245ea9ee90b134fb734a530,,,,,,,present,,,,,,,,,conflict,,,
